PROJUNIT_NAME;PROJECT_NAME;VB_COMPANYCODE;VEHBLOCK_ID;PIECETYPE_NAME;LINE_COMPANYCODE;LINE_BASIN;LINE_COMPANY;JOURNEY_ID;TRIP_ID;STARTNODE_COMPANYCODE;STARTNODE_BASIN;STARTNODE_COMPANY;ENDNODE_COMPANYCODE;ENDNODE_BASIN;ENDNODE_COMPANY;START_TIME;END_TIME;RECHARGETYPE_NAME;DUTY
Day Type 3;Foinika;0701;0701;Revenue;07;OASTH;Def;456335903;456335903;N45128;OSETH;Def;N1141;OSETH;Def;05:15:00;05:48:00;;0701_1
Day Type 3;Foinika;0701;0701;Revenue;07;OASTH;Def;917410695;917410695;N1141;OSETH;Def;N45128;OSETH;Def;05:48:00;06:25:00;;0701_1
Day Type 3;Foinika;0701;0701;Revenue;07;OASTH;Def;357753946;357753946;N45128;OSETH;Def;N1141;OSETH;Def;06:40:00;07:14:00;;0701_1
Day Type 3;Foinika;0701;0701;Revenue;07;OASTH;Def;345035251;345035251;N1141;OSETH;Def;N45128;OSETH;Def;07:14:00;07:51:00;;0701_1
Day Type 3;Foinika;0701;0701;Revenue;07;OASTH;Def;156224183;156224183;N45128;OSETH;Def;N1141;OSETH;Def;08:20:00;08:58:00;;0701_1
Day Type 3;Foinika;0701;0701;Revenue;07;OASTH;Def;324230199;324230199;N1141;OSETH;Def;N45128;OSETH;Def;08:58:00;09:40:00;;0701_1
Day Type 3;Foinika;0701;0701;Revenue;07;OASTH;Def;433317671;433317671;N45128;OSETH;Def;N1141;OSETH;Def;10:00:00;10:43:00;;0701_1
Day Type 3;Foinika;0701;0701;Revenue;07;OASTH;Def;445218262;445218262;N1141;OSETH;Def;N45128;OSETH;Def;10:43:00;11:25:00;;0701_1
Day Type 3;Foinika;0701;0701;Revenue;07;OASTH;Def;746659563;746659563;N45128;OSETH;Def;N1141;OSETH;Def;11:30:00;12:12:00;;0701_1
Day Type 3;Foinika;0701;0701;Revenue;07;OASTH;Def;716879866;716879866;N1141;OSETH;Def;N45128;OSETH;Def;12:12:00;12:52:00;;0701_1
Day Type 3;Foinika;0701;0701;Revenue;07;OASTH;Def;733529706;733529706;N45128;OSETH;Def;N1141;OSETH;Def;13:00:00;13:42:00;;0701_2
Day Type 3;Foinika;0701;0701;Revenue;07;OASTH;Def;670029090;670029090;N1141;OSETH;Def;N45128;OSETH;Def;13:42:00;14:25:00;;0701_2
Day Type 3;Foinika;0701;0701;Revenue;07;OASTH;Def;231771493;231771493;N45128;OSETH;Def;N1141;OSETH;Def;14:35:00;15:16:00;;0701_2
Day Type 3;Foinika;0701;0701;Revenue;07;OASTH;Def;626352906;626352906;N1141;OSETH;Def;N45128;OSETH;Def;15:16:00;15:56:00;;0701_2
Day Type 3;Foinika;0701;0701;Revenue;07;OASTH;Def;575800122;575800122;N45128;OSETH;Def;N1141;OSETH;Def;16:25:00;17:05:00;;0701_2
Day Type 3;Foinika;0701;0701;Revenue;07;OASTH;Def;869335468;869335468;N1141;OSETH;Def;N45128;OSETH;Def;17:05:00;17:45:00;;0701_2
Day Type 3;Foinika;0701;0701;Revenue;07;OASTH;Def;138408230;138408230;N45128;OSETH;Def;N1141;OSETH;Def;18:10:00;18:50:00;;0701_2
Day Type 3;Foinika;0701;0701;Revenue;07;OASTH;Def;290783777;290783777;N1141;OSETH;Def;N45128;OSETH;Def;18:50:00;19:30:00;;0701_2
Day Type 3;Foinika;0701;0701;Revenue;07;OASTH;Def;223878049;223878049;N45128;OSETH;Def;N1141;OSETH;Def;19:40:00;20:20:00;;0701_2
Day Type 3;Foinika;0701;0701;Revenue;07;OASTH;Def;919264114;919264114;N1141;OSETH;Def;N45128;OSETH;Def;20:20:00;20:58:00;;0701_2
Day Type 3;Foinika;0702;0702;Revenue;07;OASTH;Def;904507082;904507082;N45128;OSETH;Def;N1141;OSETH;Def;05:45:00;06:18:00;;0702_1
Day Type 3;Foinika;0702;0702;Revenue;07;OASTH;Def;785554254;785554254;N1141;OSETH;Def;N45128;OSETH;Def;06:18:00;06:55:00;;0702_1
Day Type 3;Foinika;0702;0702;Revenue;07;OASTH;Def;555082860;555082860;N45128;OSETH;Def;N1141;OSETH;Def;07:20:00;07:56:00;;0702_1
Day Type 3;Foinika;0702;0702;Revenue;07;OASTH;Def;889763038;889763038;N1141;OSETH;Def;N45128;OSETH;Def;07:56:00;08:32:00;;0702_1
Day Type 3;Foinika;0702;0702;Revenue;07;OASTH;Def;826483497;826483497;N45128;OSETH;Def;N1141;OSETH;Def;09:00:00;09:43:00;;0702_1
Day Type 3;Foinika;0702;0702;Revenue;07;OASTH;Def;503782685;503782685;N1141;OSETH;Def;N45128;OSETH;Def;09:43:00;10:25:00;;0702_1
Day Type 3;Foinika;0702;0702;Revenue;07;OASTH;Def;821683327;821683327;N45128;OSETH;Def;N1141;OSETH;Def;10:30:00;11:14:00;;0702_1
Day Type 3;Foinika;0702;0702;Revenue;07;OASTH;Def;444218638;444218638;N1141;OSETH;Def;N45128;OSETH;Def;11:14:00;11:57:00;;0702_1
Day Type 3;Foinika;0702;0702;Revenue;07;OASTH;Def;182147162;182147162;N45128;OSETH;Def;N1141;OSETH;Def;12:05:00;12:49:00;;0702_1
Day Type 3;Foinika;0702;0702;Revenue;07;OASTH;Def;271689395;271689395;N1141;OSETH;Def;N45128;OSETH;Def;12:49:00;13:32:00;;0702_1
Day Type 3;Foinika;0702;0702;Revenue;07;OASTH;Def;887677568;887677568;N45128;OSETH;Def;N1141;OSETH;Def;13:45:00;14:27:00;;0702_2
Day Type 3;Foinika;0702;0702;Revenue;07;OASTH;Def;545178019;545178019;N1141;OSETH;Def;N45128;OSETH;Def;14:27:00;15:11:00;;0702_2
Day Type 3;Foinika;0702;0702;Revenue;07;OASTH;Def;955751382;955751382;N45128;OSETH;Def;N1141;OSETH;Def;15:30:00;16:10:00;;0702_2
Day Type 3;Foinika;0702;0702;Revenue;07;OASTH;Def;105041381;105041381;N1141;OSETH;Def;N45128;OSETH;Def;16:10:00;16:51:00;;0702_2
Day Type 3;Foinika;0702;0702;Revenue;07;OASTH;Def;310531871;310531871;N45128;OSETH;Def;N1141;OSETH;Def;17:30:00;18:10:00;;0702_2
Day Type 3;Foinika;0702;0702;Revenue;07;OASTH;Def;808611496;808611496;N1141;OSETH;Def;N45128;OSETH;Def;18:10:00;18:50:00;;0702_2
Day Type 3;Foinika;0702;0702;Revenue;07;OASTH;Def;564266461;564266461;N45128;OSETH;Def;N1141;OSETH;Def;19:05:00;19:45:00;;0702_2
Day Type 3;Foinika;0702;0702;Revenue;07;OASTH;Def;333056666;333056666;N1141;OSETH;Def;N45128;OSETH;Def;19:45:00;20:26:00;;0702_2
Day Type 3;Foinika;0702;0702;Revenue;07;OASTH;Def;144460826;144460826;N45128;OSETH;Def;N1141;OSETH;Def;20:45:00;21:25:00;;0702_2
Day Type 3;Foinika;0703;0703;Revenue;07;OASTH;Def;667368455;667368455;N45128;OSETH;Def;N1141;OSETH;Def;06:15:00;06:49:00;;0703_1
Day Type 3;Foinika;0703;0703;Revenue;07;OASTH;Def;554228856;554228856;N1141;OSETH;Def;N45128;OSETH;Def;06:49:00;07:26:00;;0703_1
Day Type 3;Foinika;0703;0703;Revenue;07;OASTH;Def;640230638;640230638;N45128;OSETH;Def;N1141;OSETH;Def;07:40:00;08:16:00;;0703_1
Day Type 3;Foinika;0703;0703;Revenue;07;OASTH;Def;595870038;595870038;N1141;OSETH;Def;N45128;OSETH;Def;08:16:00;08:56:00;;0703_1
Day Type 3;Foinika;0703;0703;Revenue;07;OASTH;Def;266329411;266329411;N45128;OSETH;Def;N1141;OSETH;Def;09:20:00;10:03:00;;0703_1
Day Type 3;Foinika;0703;0703;Revenue;07;OASTH;Def;702409777;702409777;N1141;OSETH;Def;N45128;OSETH;Def;10:03:00;10:45:00;;0703_1
Day Type 3;Foinika;0703;0703;Revenue;07;OASTH;Def;839242370;839242370;N45128;OSETH;Def;N1141;OSETH;Def;10:50:00;11:33:00;;0703_1
Day Type 3;Foinika;0703;0703;Revenue;07;OASTH;Def;124246171;124246171;N1141;OSETH;Def;N45128;OSETH;Def;11:33:00;12:15:00;;0703_1
Day Type 3;Foinika;0703;0703;Revenue;07;OASTH;Def;579249106;579249106;N45128;OSETH;Def;N1141;OSETH;Def;12:20:00;13:04:00;;0703_1
Day Type 3;Foinika;0703;0703;Revenue;07;OASTH;Def;688554919;688554919;N1141;OSETH;Def;N45128;OSETH;Def;13:04:00;13:47:00;;0703_1
Day Type 3;Foinika;0703;0703;Revenue;07;OASTH;Def;244878194;244878194;N45128;OSETH;Def;N1141;OSETH;Def;17:10:00;17:50:00;;0703_2
Day Type 3;Foinika;0703;0703;Revenue;07;OASTH;Def;351144055;351144055;N1141;OSETH;Def;N45128;OSETH;Def;17:50:00;18:30:00;;0703_2
Day Type 3;Foinika;0703;0703;Revenue;07;OASTH;Def;233551198;233551198;N45128;OSETH;Def;N1141;OSETH;Def;18:50:00;19:30:00;;0703_2
Day Type 3;Foinika;0703;0703;Revenue;07;OASTH;Def;244008480;244008480;N1141;OSETH;Def;N45128;OSETH;Def;19:30:00;20:11:00;;0703_2
Day Type 3;Foinika;0703;0703;Revenue;07;OASTH;Def;339482081;339482081;N45128;OSETH;Def;N1141;OSETH;Def;20:25:00;21:05:00;;0703_2
Day Type 3;Foinika;0703;0703;Revenue;07;OASTH;Def;409772339;409772339;N1141;OSETH;Def;N45128;OSETH;Def;21:05:00;21:45:00;;0703_2
Day Type 3;Foinika;0703;0703;Revenue;07;OASTH;Def;201272292;201272292;N45128;OSETH;Def;N1141;OSETH;Def;22:05:00;22:45:00;;0703_2
Day Type 3;Foinika;0703;0703;Revenue;07;OASTH;Def;558321076;558321076;N1141;OSETH;Def;N45128;OSETH;Def;22:45:00;23:23:00;;0703_2
Day Type 3;Foinika;0703;0703;Revenue;07;OASTH;Def;230773717;230773717;N45128;OSETH;Def;N1141;OSETH;Def;23:30:00;24:06:00;;0703_2
Day Type 3;Foinika;0703;0703;Revenue;07;OASTH;Def;102108663;102108663;N1141;OSETH;Def;N45128;OSETH;Def;24:06:00;24:44:00;;0703_2
Day Type 3;Foinika;0704;0704;Revenue;07;OASTH;Def;120661091;120661091;N45128;OSETH;Def;N1141;OSETH;Def;07:00:00;07:36:00;;0704_1
Day Type 3;Foinika;0704;0704;Revenue;07;OASTH;Def;165036024;165036024;N1141;OSETH;Def;N45128;OSETH;Def;07:36:00;08:12:00;;0704_1
Day Type 3;Foinika;0704;0704;Revenue;07;OASTH;Def;345079782;345079782;N45128;OSETH;Def;N1141;OSETH;Def;08:40:00;09:17:00;;0704_1
Day Type 3;Foinika;0704;0704;Revenue;07;OASTH;Def;648037799;648037799;N1141;OSETH;Def;N45128;OSETH;Def;09:17:00;09:55:00;;0704_1
Day Type 3;Foinika;0704;0704;Revenue;07;OASTH;Def;793565634;793565634;N45128;OSETH;Def;N1141;OSETH;Def;10:15:00;10:59:00;;0704_1
Day Type 3;Foinika;0704;0704;Revenue;07;OASTH;Def;529474085;529474085;N1141;OSETH;Def;N45128;OSETH;Def;10:59:00;11:42:00;;0704_1
Day Type 3;Foinika;0704;0704;Revenue;07;OASTH;Def;119836576;119836576;N45128;OSETH;Def;N1141;OSETH;Def;11:46:00;12:29:00;;0704_1
Day Type 3;Foinika;0704;0704;Revenue;07;OASTH;Def;300172752;300172752;N1141;OSETH;Def;N45128;OSETH;Def;12:29:00;13:11:00;;0704_1
Day Type 3;Foinika;0704;0704;Revenue;07;OASTH;Def;655594731;655594731;N45128;OSETH;Def;N1141;OSETH;Def;13:16:00;13:58:00;;0704_1
Day Type 3;Foinika;0704;0704;Revenue;07;OASTH;Def;483599045;483599045;N1141;OSETH;Def;N45128;OSETH;Def;13:58:00;14:42:00;;0704_1
Day Type 3;Foinika;0704;0704;Revenue;07;OASTH;Def;395946854;395946854;N45128;OSETH;Def;N1141;OSETH;Def;14:56:00;15:36:00;;0704_2
Day Type 3;Foinika;0704;0704;Revenue;07;OASTH;Def;842255854;842255854;N1141;OSETH;Def;N45128;OSETH;Def;15:36:00;16:17:00;;0704_2
Day Type 3;Foinika;0704;0704;Revenue;07;OASTH;Def;714687432;714687432;N45128;OSETH;Def;N1141;OSETH;Def;16:46:00;17:26:00;;0704_2
Day Type 3;Foinika;0704;0704;Revenue;07;OASTH;Def;344172987;344172987;N1141;OSETH;Def;N45128;OSETH;Def;17:26:00;18:06:00;;0704_2
Day Type 3;Foinika;0704;0704;Revenue;07;OASTH;Def;178990491;178990491;N45128;OSETH;Def;N1141;OSETH;Def;18:26:00;19:06:00;;0704_2
Day Type 3;Foinika;0704;0704;Revenue;07;OASTH;Def;987505373;987505373;N1141;OSETH;Def;N45128;OSETH;Def;19:06:00;19:47:00;;0704_2
Day Type 3;Foinika;0704;0704;Revenue;07;OASTH;Def;386694675;386694675;N45128;OSETH;Def;N1141;OSETH;Def;19:56:00;20:36:00;;0704_2
Day Type 3;Foinika;0704;0704;Revenue;07;OASTH;Def;801705766;801705766;N1141;OSETH;Def;N45128;OSETH;Def;20:36:00;21:16:00;;0704_2
Day Type 3;Foinika;0704;0704;Revenue;07;OASTH;Def;567509459;567509459;N45128;OSETH;Def;N1141;OSETH;Def;21:35:00;22:14:00;;0704_2
Day Type 3;Foinika;0704;0704;Revenue;07;OASTH;Def;621443304;621443304;N1141;OSETH;Def;N45128;OSETH;Def;22:14:00;22:50:00;;0704_2
Day Type 3;Foinika;0705;0705;Revenue;07;OASTH;Def;819868916;819868916;N45128;OSETH;Def;N1141;OSETH;Def;08:00:00;08:40:00;;0705_1
Day Type 3;Foinika;0705;0705;Revenue;07;OASTH;Def;543979381;543979381;N1141;OSETH;Def;N45128;OSETH;Def;08:40:00;09:20:00;;0705_1
Day Type 3;Foinika;0705;0705;Revenue;07;OASTH;Def;552890470;552890470;N45128;OSETH;Def;N1141;OSETH;Def;09:40:00;10:23:00;;0705_1
Day Type 3;Foinika;0705;0705;Revenue;07;OASTH;Def;954192525;954192525;N1141;OSETH;Def;N45128;OSETH;Def;10:23:00;11:05:00;;0705_1
Day Type 3;Foinika;0705;0705;Revenue;07;OASTH;Def;457853633;457853633;N45128;OSETH;Def;N1141;OSETH;Def;11:10:00;11:54:00;;0705_1
Day Type 3;Foinika;0705;0705;Revenue;07;OASTH;Def;156160359;156160359;N1141;OSETH;Def;N45128;OSETH;Def;11:54:00;12:35:00;;0705_1
Day Type 3;Foinika;0705;0705;Revenue;07;OASTH;Def;161914130;161914130;N45128;OSETH;Def;N1141;OSETH;Def;12:40:00;13:20:00;;0705_1
Day Type 3;Foinika;0705;0705;Revenue;07;OASTH;Def;521576379;521576379;N1141;OSETH;Def;N45128;OSETH;Def;13:20:00;14:00:00;;0705_1
Day Type 3;Foinika;0705;0705;Revenue;07;OASTH;Def;720770724;720770724;N45128;OSETH;Def;N1141;OSETH;Def;14:10:00;14:51:00;;0705_1
Day Type 3;Foinika;0705;0705;Revenue;07;OASTH;Def;112726910;112726910;N1141;OSETH;Def;N45128;OSETH;Def;14:51:00;15:35:00;;0705_1
Day Type 3;Foinika;0705;0705;Revenue;07;OASTH;Def;548368610;548368610;N45128;OSETH;Def;N1141;OSETH;Def;16:00:00;16:40:00;;0705_2
Day Type 3;Foinika;0705;0705;Revenue;07;OASTH;Def;595367212;595367212;N1141;OSETH;Def;N45128;OSETH;Def;16:40:00;17:21:00;;0705_2
Day Type 3;Foinika;0705;0705;Revenue;07;OASTH;Def;101974586;101974586;N45128;OSETH;Def;N1141;OSETH;Def;17:50:00;18:30:00;;0705_2
Day Type 3;Foinika;0705;0705;Revenue;07;OASTH;Def;159626943;159626943;N1141;OSETH;Def;N45128;OSETH;Def;18:30:00;19:10:00;;0705_2
Day Type 3;Foinika;0705;0705;Revenue;07;OASTH;Def;398879055;398879055;N45128;OSETH;Def;N1141;OSETH;Def;19:20:00;20:00:00;;0705_2
Day Type 3;Foinika;0705;0705;Revenue;07;OASTH;Def;331239492;331239492;N1141;OSETH;Def;N45128;OSETH;Def;20:00:00;20:41:00;;0705_2
Day Type 3;Foinika;0705;0705;Revenue;07;OASTH;Def;587320894;587320894;N45128;OSETH;Def;N1141;OSETH;Def;21:05:00;21:45:00;;0705_2
Day Type 3;Foinika;0705;0705;Revenue;07;OASTH;Def;683772586;683772586;N1141;OSETH;Def;N45128;OSETH;Def;21:45:00;22:25:00;;0705_2
Day Type 3;Foinika;0705;0705;Revenue;07;OASTH;Def;977725337;977725337;N45128;OSETH;Def;N1141;OSETH;Def;22:45:00;23:21:00;;0705_2
Day Type 3;Foinika;0705;0705;Revenue;07;OASTH;Def;887974412;887974412;N1141;OSETH;Def;N45128;OSETH;Def;23:21:00;23:56:00;;0705_2
Day Type 3;Foinika;1401;1401;Revenue;14;OASTH;Def;789028272;789028272;N15006;OSETH;Def;N1337;OSETH;Def;05:00:00;05:28:00;;1401_1
Day Type 3;Foinika;1401;1401;Revenue;14A;OASTH;Def;435953807;435953807;N1337;OSETH;Def;N15006;OSETH;Def;05:30:00;06:00:00;;1401_1
Day Type 3;Foinika;1401;1401;Revenue;14;OASTH;Def;682901517;682901517;N15006;OSETH;Def;N1337;OSETH;Def;06:15:00;06:43:00;;1401_1
Day Type 3;Foinika;1401;1401;Revenue;14A;OASTH;Def;108569103;108569103;N1337;OSETH;Def;N15006;OSETH;Def;06:46:00;07:19:00;;1401_1
Day Type 3;Foinika;1401;1401;Revenue;14;OASTH;Def;519205168;519205168;N15006;OSETH;Def;N1337;OSETH;Def;07:24:00;07:54:00;;1401_1
Day Type 3;Foinika;1401;1401;Revenue;14A;OASTH;Def;775774024;775774024;N1337;OSETH;Def;N15006;OSETH;Def;07:56:00;08:32:00;;1401_1
Day Type 3;Foinika;1401;1401;Revenue;14;OASTH;Def;416961802;416961802;N15006;OSETH;Def;N1337;OSETH;Def;09:05:00;09:37:00;;1401_1
Day Type 3;Foinika;1401;1401;Revenue;14A;OASTH;Def;220020492;220020492;N1337;OSETH;Def;N15006;OSETH;Def;09:39:00;10:17:00;;1401_1
Day Type 3;Foinika;1401;1401;Revenue;14;OASTH;Def;706583745;706583745;N15006;OSETH;Def;N1337;OSETH;Def;10:35:00;11:11:00;;1401_1
Day Type 3;Foinika;1401;1401;Revenue;14A;OASTH;Def;499424444;499424444;N1337;OSETH;Def;N15006;OSETH;Def;11:13:00;11:53:00;;1401_1
Day Type 3;Foinika;1401;1401;Revenue;14;OASTH;Def;320770671;320770671;N15006;OSETH;Def;N1337;OSETH;Def;12:35:00;13:14:00;;1401_2
Day Type 3;Foinika;1401;1401;Revenue;14A;OASTH;Def;423469254;423469254;N1337;OSETH;Def;N15006;OSETH;Def;13:16:00;13:59:00;;1401_2
Day Type 3;Foinika;1401;1401;Revenue;14;OASTH;Def;946581121;946581121;N15006;OSETH;Def;N1337;OSETH;Def;14:05:00;14:44:00;;1401_2
Day Type 3;Foinika;1401;1401;Revenue;14A;OASTH;Def;599238993;599238993;N1337;OSETH;Def;N15006;OSETH;Def;14:46:00;15:29:00;;1401_2
Day Type 3;Foinika;1401;1401;Revenue;14;OASTH;Def;685291412;685291412;N15006;OSETH;Def;N1337;OSETH;Def;15:35:00;16:13:00;;1401_2
Day Type 3;Foinika;1401;1401;Revenue;14A;OASTH;Def;959501048;959501048;N1337;OSETH;Def;N15006;OSETH;Def;16:15:00;16:57:00;;1401_2
Day Type 3;Foinika;1401;1401;Revenue;14;OASTH;Def;345405594;345405594;N15006;OSETH;Def;N1337;OSETH;Def;17:20:00;17:55:00;;1401_2
Day Type 3;Foinika;1401;1401;Revenue;14A;OASTH;Def;299376730;299376730;N1337;OSETH;Def;N15006;OSETH;Def;17:57:00;18:39:00;;1401_2
Day Type 3;Foinika;1401;1401;Revenue;14;OASTH;Def;987654887;987654887;N15006;OSETH;Def;N1337;OSETH;Def;19:00:00;19:35:00;;1401_2
Day Type 3;Foinika;1401;1401;Revenue;14A;OASTH;Def;476427087;476427087;N1337;OSETH;Def;N15006;OSETH;Def;19:37:00;20:20:00;;1401_2
Day Type 3;Foinika;1402;1402;Revenue;14;OASTH;Def;635861170;635861170;N15006;OSETH;Def;N1337;OSETH;Def;05:25:00;05:53:00;;1402_1
Day Type 3;Foinika;1402;1402;Revenue;14A;OASTH;Def;512061188;512061188;N1337;OSETH;Def;N15006;OSETH;Def;05:54:00;06:25:00;;1402_1
Day Type 3;Foinika;1402;1402;Revenue;14;OASTH;Def;263987812;263987812;N15006;OSETH;Def;N1337;OSETH;Def;06:30:00;06:58:00;;1402_1
Day Type 3;Foinika;1402;1402;Revenue;14A;OASTH;Def;699865770;699865770;N1337;OSETH;Def;N15006;OSETH;Def;07:00:00;07:33:00;;1402_1
Day Type 3;Foinika;1402;1402;Revenue;14;OASTH;Def;124425149;124425149;N15006;OSETH;Def;N1337;OSETH;Def;07:48:00;08:18:00;;1402_1
Day Type 3;Foinika;1402;1402;Revenue;14A;OASTH;Def;342234625;342234625;N1337;OSETH;Def;N15006;OSETH;Def;08:20:00;08:58:00;;1402_1
Day Type 3;Foinika;1402;1402;Revenue;14;OASTH;Def;989187613;989187613;N15006;OSETH;Def;N1337;OSETH;Def;09:20:00;09:53:00;;1402_1
Day Type 3;Foinika;1402;1402;Revenue;14A;OASTH;Def;743101747;743101747;N1337;OSETH;Def;N15006;OSETH;Def;09:55:00;10:33:00;;1402_1
Day Type 3;Foinika;1402;1402;Revenue;14;OASTH;Def;536823761;536823761;N15006;OSETH;Def;N1337;OSETH;Def;11:05:00;11:41:00;;1402_1
Day Type 3;Foinika;1402;1402;Revenue;14A;OASTH;Def;672399749;672399749;N1337;OSETH;Def;N15006;OSETH;Def;11:43:00;12:24:00;;1402_1
Day Type 3;Foinika;1402;1402;Revenue;14;OASTH;Def;159724796;159724796;N15006;OSETH;Def;N1337;OSETH;Def;13:20:00;14:00:00;;1402_2
Day Type 3;Foinika;1402;1402;Revenue;14A;OASTH;Def;172356206;172356206;N1337;OSETH;Def;N15006;OSETH;Def;14:02:00;14:45:00;;1402_2
Day Type 3;Foinika;1402;1402;Revenue;14;OASTH;Def;270925412;270925412;N15006;OSETH;Def;N1337;OSETH;Def;14:55:00;15:34:00;;1402_2
Day Type 3;Foinika;1402;1402;Revenue;14A;OASTH;Def;788921355;788921355;N1337;OSETH;Def;N15006;OSETH;Def;15:36:00;16:18:00;;1402_2
Day Type 3;Foinika;1402;1402;Revenue;14;OASTH;Def;281172162;281172162;N15006;OSETH;Def;N1337;OSETH;Def;16:35:00;17:11:00;;1402_2
Day Type 3;Foinika;1402;1402;Revenue;14A;OASTH;Def;351639915;351639915;N1337;OSETH;Def;N15006;OSETH;Def;17:13:00;17:55:00;;1402_2
Day Type 3;Foinika;1402;1402;Revenue;14;OASTH;Def;953989968;953989968;N15006;OSETH;Def;N1337;OSETH;Def;18:15:00;18:50:00;;1402_2
Day Type 3;Foinika;1402;1402;Revenue;14A;OASTH;Def;285773785;285773785;N1337;OSETH;Def;N15006;OSETH;Def;18:52:00;19:35:00;;1402_2
Day Type 3;Foinika;1402;1402;Revenue;14;OASTH;Def;302061650;302061650;N15006;OSETH;Def;N1337;OSETH;Def;20:00:00;20:36:00;;1402_2
Day Type 3;Foinika;1402;1402;Revenue;14A;OASTH;Def;962572123;962572123;N1337;OSETH;Def;N15006;OSETH;Def;20:37:00;21:20:00;;1402_2
Day Type 3;Foinika;1403;1403;Revenue;14;OASTH;Def;404002513;404002513;N15006;OSETH;Def;N1337;OSETH;Def;05:45:00;06:13:00;;1403_1
Day Type 3;Foinika;1403;1403;Revenue;14A;OASTH;Def;204974460;204974460;N1337;OSETH;Def;N15006;OSETH;Def;06:15:00;06:47:00;;1403_1
Day Type 3;Foinika;1403;1403;Revenue;14;OASTH;Def;511195270;511195270;N15006;OSETH;Def;N1337;OSETH;Def;07:00:00;07:30:00;;1403_1
Day Type 3;Foinika;1403;1403;Revenue;14A;OASTH;Def;750188024;750188024;N1337;OSETH;Def;N15006;OSETH;Def;07:32:00;08:06:00;;1403_1
Day Type 3;Foinika;1403;1403;Revenue;14;OASTH;Def;546604865;546604865;N15006;OSETH;Def;N1337;OSETH;Def;08:24:00;08:54:00;;1403_1
Day Type 3;Foinika;1403;1403;Revenue;14A;OASTH;Def;484099560;484099560;N1337;OSETH;Def;N15006;OSETH;Def;08:56:00;09:34:00;;1403_1
Day Type 3;Foinika;1403;1403;Revenue;14;OASTH;Def;231064134;231064134;N15006;OSETH;Def;N1337;OSETH;Def;10:05:00;10:40:00;;1403_1
Day Type 3;Foinika;1403;1403;Revenue;14A;OASTH;Def;895776354;895776354;N1337;OSETH;Def;N15006;OSETH;Def;10:42:00;11:21:00;;1403_1
Day Type 3;Foinika;1403;1403;Revenue;14;OASTH;Def;261033800;261033800;N15006;OSETH;Def;N1337;OSETH;Def;11:50:00;12:27:00;;1403_1
Day Type 3;Foinika;1403;1403;Revenue;14A;OASTH;Def;604149962;604149962;N1337;OSETH;Def;N15006;OSETH;Def;12:29:00;13:10:00;;1403_1
Day Type 3;Foinika;1403;1403;Revenue;14;OASTH;Def;665448546;665448546;N15006;OSETH;Def;N1337;OSETH;Def;13:35:00;14:15:00;;1403_2
Day Type 3;Foinika;1403;1403;Revenue;14A;OASTH;Def;545140761;545140761;N1337;OSETH;Def;N15006;OSETH;Def;14:15:00;14:58:00;;1403_2
Day Type 3;Foinika;1403;1403;Revenue;14;OASTH;Def;499437510;499437510;N15006;OSETH;Def;N1337;OSETH;Def;15:15:00;15:53:00;;1403_2
Day Type 3;Foinika;1403;1403;Revenue;14A;OASTH;Def;920339629;920339629;N1337;OSETH;Def;N15006;OSETH;Def;15:55:00;16:37:00;;1403_2
Day Type 3;Foinika;1403;1403;Revenue;14;OASTH;Def;692367589;692367589;N15006;OSETH;Def;N1337;OSETH;Def;16:50:00;17:25:00;;1403_2
Day Type 3;Foinika;1403;1403;Revenue;14A;OASTH;Def;251856124;251856124;N1337;OSETH;Def;N15006;OSETH;Def;17:27:00;18:09:00;;1403_2
Day Type 3;Foinika;1403;1403;Revenue;14;OASTH;Def;304016865;304016865;N15006;OSETH;Def;N1337;OSETH;Def;18:45:00;19:20:00;;1403_2
Day Type 3;Foinika;1403;1403;Revenue;14A;OASTH;Def;435591267;435591267;N1337;OSETH;Def;N15006;OSETH;Def;19:22:00;20:05:00;;1403_2
Day Type 3;Foinika;1403;1403;Revenue;14;OASTH;Def;672768721;672768721;N15006;OSETH;Def;N1337;OSETH;Def;20:15:00;20:51:00;;1403_2
Day Type 3;Foinika;1403;1403;Revenue;14A;OASTH;Def;277308684;277308684;N1337;OSETH;Def;N15006;OSETH;Def;20:52:00;21:35:00;;1403_2
Day Type 3;Foinika;1404;1404;Revenue;14;OASTH;Def;692249025;692249025;N15006;OSETH;Def;N1337;OSETH;Def;06:00:00;06:28:00;;1404_1
Day Type 3;Foinika;1404;1404;Revenue;14A;OASTH;Def;470683587;470683587;N1337;OSETH;Def;N15006;OSETH;Def;06:30:00;07:03:00;;1404_1
Day Type 3;Foinika;1404;1404;Revenue;14;OASTH;Def;535867256;535867256;N15006;OSETH;Def;N1337;OSETH;Def;07:12:00;07:42:00;;1404_1
Day Type 3;Foinika;1404;1404;Revenue;14A;OASTH;Def;494187203;494187203;N1337;OSETH;Def;N15006;OSETH;Def;07:45:00;08:20:00;;1404_1
Day Type 3;Foinika;1404;1404;Revenue;14;OASTH;Def;262741535;262741535;N15006;OSETH;Def;N1337;OSETH;Def;08:37:00;09:08:00;;1404_1
Day Type 3;Foinika;1404;1404;Revenue;14A;OASTH;Def;579621844;579621844;N1337;OSETH;Def;N15006;OSETH;Def;09:10:00;09:48:00;;1404_1
Day Type 3;Foinika;1404;1404;Revenue;14;OASTH;Def;274721510;274721510;N15006;OSETH;Def;N1337;OSETH;Def;10:20:00;10:56:00;;1404_1
Day Type 3;Foinika;1404;1404;Revenue;14A;OASTH;Def;332503951;332503951;N1337;OSETH;Def;N15006;OSETH;Def;10:58:00;11:38:00;;1404_1
Day Type 3;Foinika;1404;1404;Revenue;14;OASTH;Def;495265356;495265356;N15006;OSETH;Def;N1337;OSETH;Def;12:05:00;12:43:00;;1404_1
Day Type 3;Foinika;1404;1404;Revenue;14A;OASTH;Def;692521691;692521691;N1337;OSETH;Def;N15006;OSETH;Def;12:45:00;13:27:00;;1404_1
Day Type 3;Foinika;1404;1404;Revenue;14;OASTH;Def;286579278;286579278;N15006;OSETH;Def;N1337;OSETH;Def;14:20:00;14:59:00;;1404_2
Day Type 3;Foinika;1404;1404;Revenue;14A;OASTH;Def;680088862;680088862;N1337;OSETH;Def;N15006;OSETH;Def;15:01:00;15:43:00;;1404_2
Day Type 3;Foinika;1404;1404;Revenue;14;OASTH;Def;833109885;833109885;N15006;OSETH;Def;N1337;OSETH;Def;15:55:00;16:33:00;;1404_2
Day Type 3;Foinika;1404;1404;Revenue;14A;OASTH;Def;977284060;977284060;N1337;OSETH;Def;N15006;OSETH;Def;16:35:00;17:17:00;;1404_2
Day Type 3;Foinika;1404;1404;Revenue;14;OASTH;Def;733884604;733884604;N15006;OSETH;Def;N1337;OSETH;Def;18:00:00;18:35:00;;1404_2
Day Type 3;Foinika;1404;1404;Revenue;14A;OASTH;Def;388148319;388148319;N1337;OSETH;Def;N15006;OSETH;Def;18:37:00;19:19:00;;1404_2
Day Type 3;Foinika;1404;1404;Revenue;14;OASTH;Def;939208827;939208827;N15006;OSETH;Def;N1337;OSETH;Def;19:30:00;20:06:00;;1404_2
Day Type 3;Foinika;1404;1404;Revenue;14A;OASTH;Def;706153041;706153041;N1337;OSETH;Def;N15006;OSETH;Def;20:07:00;20:50:00;;1404_2
Day Type 3;Foinika;1404;1404;Revenue;14;OASTH;Def;381450755;381450755;N15006;OSETH;Def;N1337;OSETH;Def;21:05:00;21:41:00;;1404_2
Day Type 3;Foinika;1404;1404;Revenue;14A;OASTH;Def;670168967;670168967;N1337;OSETH;Def;N15006;OSETH;Def;21:41:00;22:20:00;;1404_2
Day Type 3;Foinika;1405;1405;Revenue;14;OASTH;Def;910651183;910651183;N15006;OSETH;Def;N1337;OSETH;Def;06:45:00;07:14:00;;1405_1
Day Type 3;Foinika;1405;1405;Revenue;14A;OASTH;Def;570878818;570878818;N1337;OSETH;Def;N15006;OSETH;Def;07:16:00;07:50:00;;1405_1
Day Type 3;Foinika;1405;1405;Revenue;14;OASTH;Def;329092912;329092912;N15006;OSETH;Def;N1337;OSETH;Def;08:00:00;08:30:00;;1405_1
Day Type 3;Foinika;1405;1405;Revenue;14A;OASTH;Def;657504579;657504579;N1337;OSETH;Def;N15006;OSETH;Def;08:32:00;09:10:00;;1405_1
Day Type 3;Foinika;1405;1405;Revenue;14;OASTH;Def;607613797;607613797;N15006;OSETH;Def;N1337;OSETH;Def;09:50:00;10:24:00;;1405_1
Day Type 3;Foinika;1405;1405;Revenue;14A;OASTH;Def;479345702;479345702;N1337;OSETH;Def;N15006;OSETH;Def;10:25:00;11:04:00;;1405_1
Day Type 3;Foinika;1405;1405;Revenue;14;OASTH;Def;721071177;721071177;N15006;OSETH;Def;N1337;OSETH;Def;11:20:00;11:56:00;;1405_1
Day Type 3;Foinika;1405;1405;Revenue;14A;OASTH;Def;941387974;941387974;N1337;OSETH;Def;N15006;OSETH;Def;11:58:00;12:39:00;;1405_1
Day Type 3;Foinika;1405;1405;Revenue;14;OASTH;Def;624348456;624348456;N15006;OSETH;Def;N1337;OSETH;Def;12:50:00;13:30:00;;1405_1
Day Type 3;Foinika;1405;1405;Revenue;14A;OASTH;Def;165435802;165435802;N1337;OSETH;Def;N15006;OSETH;Def;13:32:00;14:15:00;;1405_1
Day Type 3;Foinika;1405;1405;Revenue;14;OASTH;Def;118852959;118852959;N15006;OSETH;Def;N1337;OSETH;Def;16:15:00;16:51:00;;1405_2
Day Type 3;Foinika;1405;1405;Revenue;14A;OASTH;Def;688383094;688383094;N1337;OSETH;Def;N15006;OSETH;Def;16:53:00;17:35:00;;1405_2
Day Type 3;Foinika;1405;1405;Revenue;14;OASTH;Def;120902369;120902369;N15006;OSETH;Def;N1337;OSETH;Def;17:47:00;18:22:00;;1405_2
Day Type 3;Foinika;1405;1405;Revenue;14A;OASTH;Def;220786483;220786483;N1337;OSETH;Def;N15006;OSETH;Def;18:24:00;19:05:00;;1405_2
Day Type 3;Foinika;1405;1405;Revenue;14;OASTH;Def;231663050;231663050;N15006;OSETH;Def;N1337;OSETH;Def;19:45:00;20:21:00;;1405_2
Day Type 3;Foinika;1405;1405;Revenue;14A;OASTH;Def;156806967;156806967;N1337;OSETH;Def;N15006;OSETH;Def;20:23:00;21:06:00;;1405_2
Day Type 3;Foinika;1405;1405;Revenue;14;OASTH;Def;682337089;682337089;N15006;OSETH;Def;N1337;OSETH;Def;21:30:00;22:06:00;;1405_2
Day Type 3;Foinika;1405;1405;Revenue;14A;OASTH;Def;900706347;900706347;N1337;OSETH;Def;N15006;OSETH;Def;22:07:00;22:45:00;;1405_2
Day Type 3;Foinika;1405;1405;Revenue;14;OASTH;Def;803286410;803286410;N15006;OSETH;Def;N1337;OSETH;Def;22:55:00;23:30:00;;1405_2
Day Type 3;Foinika;1405;1405;Revenue;14A;OASTH;Def;495803474;495803474;N1337;OSETH;Def;N15006;OSETH;Def;23:30:00;24:05:00;;1405_2
Day Type 3;Foinika;1406;1406;Revenue;14;OASTH;Def;267867014;267867014;N15006;OSETH;Def;N1337;OSETH;Def;07:36:00;08:06:00;;1406_1
Day Type 3;Foinika;1406;1406;Revenue;14A;OASTH;Def;861630655;861630655;N1337;OSETH;Def;N15006;OSETH;Def;08:08:00;08:45:00;;1406_1
Day Type 3;Foinika;1406;1406;Revenue;14;OASTH;Def;677295942;677295942;N15006;OSETH;Def;N1337;OSETH;Def;08:51:00;09:22:00;;1406_1
Day Type 3;Foinika;1406;1406;Revenue;14A;OASTH;Def;946285381;946285381;N1337;OSETH;Def;N15006;OSETH;Def;09:24:00;10:02:00;;1406_1
Day Type 3;Foinika;1406;1406;Revenue;14;OASTH;Def;963975262;963975262;N15006;OSETH;Def;N1337;OSETH;Def;10:50:00;11:26:00;;1406_1
Day Type 3;Foinika;1406;1406;Revenue;14A;OASTH;Def;275805329;275805329;N1337;OSETH;Def;N15006;OSETH;Def;11:28:00;12:09:00;;1406_1
Day Type 3;Foinika;1406;1406;Revenue;14;OASTH;Def;207157655;207157655;N15006;OSETH;Def;N1337;OSETH;Def;12:20:00;12:58:00;;1406_1
Day Type 3;Foinika;1406;1406;Revenue;14A;OASTH;Def;825756602;825756602;N1337;OSETH;Def;N15006;OSETH;Def;13:00:00;13:43:00;;1406_1
Day Type 3;Foinika;1406;1406;Revenue;14;OASTH;Def;990194877;990194877;N15006;OSETH;Def;N1337;OSETH;Def;13:50:00;14:30:00;;1406_1
Day Type 3;Foinika;1406;1406;Revenue;14A;OASTH;Def;955339443;955339443;N1337;OSETH;Def;N15006;OSETH;Def;14:31:00;15:14:00;;1406_1
Day Type 3;Foinika;1406;1406;Revenue;14;OASTH;Def;437700720;437700720;N15006;OSETH;Def;N1337;OSETH;Def;17:05:00;17:40:00;;1406_2
Day Type 3;Foinika;1406;1406;Revenue;14A;OASTH;Def;811939283;811939283;N1337;OSETH;Def;N15006;OSETH;Def;17:42:00;18:24:00;;1406_2
Day Type 3;Foinika;1406;1406;Revenue;14;OASTH;Def;359268190;359268190;N15006;OSETH;Def;N1337;OSETH;Def;18:30:00;19:05:00;;1406_2
Day Type 3;Foinika;1406;1406;Revenue;14A;OASTH;Def;193414603;193414603;N1337;OSETH;Def;N15006;OSETH;Def;19:07:00;19:50:00;;1406_2
Day Type 3;Foinika;1406;1406;Revenue;14;OASTH;Def;781069303;781069303;N15006;OSETH;Def;N1337;OSETH;Def;20:30:00;21:06:00;;1406_2
Day Type 3;Foinika;1406;1406;Revenue;14A;OASTH;Def;188725127;188725127;N1337;OSETH;Def;N15006;OSETH;Def;21:08:00;21:50:00;;1406_2
Day Type 3;Foinika;1406;1406;Revenue;14;OASTH;Def;902897167;902897167;N15006;OSETH;Def;N1337;OSETH;Def;21:55:00;22:30:00;;1406_2
Day Type 3;Foinika;1406;1406;Revenue;14A;OASTH;Def;224849206;224849206;N1337;OSETH;Def;N15006;OSETH;Def;22:30:00;23:08:00;;1406_2
Day Type 3;Foinika;1406;1406;Revenue;14;OASTH;Def;363194878;363194878;N15006;OSETH;Def;N1337;OSETH;Def;23:25:00;24:00:00;;1406_2
Day Type 3;Foinika;1406;1406;Revenue;14A;OASTH;Def;858071010;858071010;N1337;OSETH;Def;N15006;OSETH;Def;24:00:00;24:35:00;;1406_2
Day Type 3;Foinika;1407;1407;Revenue;14;OASTH;Def;539809419;539809419;N15006;OSETH;Def;N1337;OSETH;Def;08:12:00;08:42:00;;1407_1
Day Type 3;Foinika;1407;1407;Revenue;14A;OASTH;Def;293499731;293499731;N1337;OSETH;Def;N15006;OSETH;Def;08:44:00;09:22:00;;1407_1
Day Type 3;Foinika;1407;1407;Revenue;14;OASTH;Def;761834134;761834134;N15006;OSETH;Def;N1337;OSETH;Def;09:35:00;10:09:00;;1407_1
Day Type 3;Foinika;1407;1407;Revenue;14A;OASTH;Def;329236049;329236049;N1337;OSETH;Def;N15006;OSETH;Def;10:11:00;10:50:00;;1407_1
Day Type 3;Foinika;1407;1407;Revenue;14;OASTH;Def;193439949;193439949;N15006;OSETH;Def;N1337;OSETH;Def;11:35:00;12:12:00;;1407_1
Day Type 3;Foinika;1407;1407;Revenue;14A;OASTH;Def;234455030;234455030;N1337;OSETH;Def;N15006;OSETH;Def;12:14:00;12:55:00;;1407_1
Day Type 3;Foinika;1407;1407;Revenue;14;OASTH;Def;682684317;682684317;N15006;OSETH;Def;N1337;OSETH;Def;13:05:00;13:45:00;;1407_1
Day Type 3;Foinika;1407;1407;Revenue;14A;OASTH;Def;243491575;243491575;N1337;OSETH;Def;N15006;OSETH;Def;13:47:00;14:30:00;;1407_1
Day Type 3;Foinika;1407;1407;Revenue;14;OASTH;Def;615410437;615410437;N15006;OSETH;Def;N1337;OSETH;Def;14:35:00;15:14:00;;1407_1
Day Type 3;Foinika;1407;1407;Revenue;14A;OASTH;Def;809532880;809532880;N1337;OSETH;Def;N15006;OSETH;Def;15:16:00;15:58:00;;1407_1
Day Type 3;Foinika;1407;1407;Revenue;14;OASTH;Def;310612732;310612732;N15006;OSETH;Def;N1337;OSETH;Def;17:35:00;18:10:00;;1407_2
Day Type 3;Foinika;1407;1407;Revenue;14A;OASTH;Def;232140618;232140618;N1337;OSETH;Def;N15006;OSETH;Def;18:12:00;18:53:00;;1407_2
Day Type 3;Foinika;1407;1407;Revenue;14;OASTH;Def;201062918;201062918;N15006;OSETH;Def;N1337;OSETH;Def;19:15:00;19:51:00;;1407_2
Day Type 3;Foinika;1407;1407;Revenue;14A;OASTH;Def;643016929;643016929;N1337;OSETH;Def;N15006;OSETH;Def;19:53:00;20:36:00;;1407_2
Day Type 3;Foinika;1407;1407;Revenue;14;OASTH;Def;804306363;804306363;N15006;OSETH;Def;N1337;OSETH;Def;20:45:00;21:21:00;;1407_2
Day Type 3;Foinika;1407;1407;Revenue;14A;OASTH;Def;428722312;428722312;N1337;OSETH;Def;N15006;OSETH;Def;21:23:00;22:04:00;;1407_2
Day Type 3;Foinika;1407;1407;Revenue;14;OASTH;Def;496681742;496681742;N15006;OSETH;Def;N1337;OSETH;Def;22:25:00;23:00:00;;1407_2
Day Type 3;Foinika;1407;1407;Revenue;14A;OASTH;Def;764205361;764205361;N1337;OSETH;Def;N15006;OSETH;Def;23:00:00;23:38:00;;1407_2
Day Type 3;Foinika;1407;1407;Revenue;14;OASTH;Def;672512120;672512120;N15006;OSETH;Def;N1337;OSETH;Def;24:00:00;24:35:00;;1407_2
