SERVICELEVEL;CALENDAR;OPERATINGDAY;PIECETYPE;STARTINGDATE;ENDINGDATE;LINE;LINEBASIN;LINECOMPANY;PATTERN;DIRECTION;TRIPCODE;TRIPCOMPANYCODE;ACTIVITYNUMBER;LENGTH;VEHBLOCKID;DEPOT;VEHICLETYPE;VBLINE;VB_LINEBASIN;VB_LINECOMPANY;PIECEORDER;ARRIVALTIME;DEPARTURETIME;NODE;NODEBASIN;NODECOMPANY;PASSAGEORDER;BLOCK;LINE_EXCEL;EXCEL_NAME;DUTY;SOURCE_FILE;PATTERNCODE_x;correct_depot_x;PATTERNCODE_y;correct_depot_y
F1;;ΚΑΘΗΜΕΡΙΝΗ-ΣΑΒΒΑΤΟ-ΚΥΡΙΑΚΗ-Χ;Revenue;2025-07-01;2025-08-31;36K;KTEL_S;Def;2751;1;387283244;387283244;387283244;17512.9;;;;;;;;05:15:00;05:15:00;N1407;OSETH;Def;1;3602;36Κ;line36 (2025).xlsx;3602_1;line36 (2025)_Timetable_ΚΑΘΗΜΕΡΙΝΗ-ΣΑΒΒΑΤΟ-ΚΥΡΙΑΚΗ-Χ.csv;2751;S_Depot;2751;S_Depot
F1;;ΚΑΘΗΜΕΡΙΝΗ-ΣΑΒΒΑΤΟ-ΚΥΡΙΑΚΗ-Χ;Revenue;2025-07-01;2025-08-31;36K;KTEL_S;Def;2751;1;387283244;387283244;387283244;17512.9;;;;;;;;05:32:00;05:32:00;N36080;OSETH;Def;2;3602;36Κ;line36 (2025).xlsx;3602_1;line36 (2025)_Timetable_ΚΑΘΗΜΕΡΙΝΗ-ΣΑΒΒΑΤΟ-ΚΥΡΙΑΚΗ-Χ.csv;2751;S_Depot;2751;S_Depot
F1;;ΚΑΘΗΜΕΡΙΝΗ-ΣΑΒΒΑΤΟ-ΚΥΡΙΑΚΗ-Χ;Revenue;2025-07-01;2025-08-31;36K;KTEL_S;Def;2751;1;387283244;387283244;387283244;17512.9;;;;;;;;05:49:00;05:49:00;N1407;OSETH;Def;3;3602;36Κ;line36 (2025).xlsx;3602_1;line36 (2025)_Timetable_ΚΑΘΗΜΕΡΙΝΗ-ΣΑΒΒΑΤΟ-ΚΥΡΙΑΚΗ-Χ.csv;2751;S_Depot;2751;S_Depot
F1;;ΚΑΘΗΜΕΡΙΝΗ-ΣΑΒΒΑΤΟ-ΚΥΡΙΑΚΗ-Χ;Revenue;2025-07-01;2025-08-31;36K;KTEL_S;Def;2751;1;224144274;224144274;224144274;17512.9;;;;;;;;05:40:00;05:40:00;N1407;OSETH;Def;1;3601;36Κ;line36 (2025).xlsx;3601_1;line36 (2025)_Timetable_ΚΑΘΗΜΕΡΙΝΗ-ΣΑΒΒΑΤΟ-ΚΥΡΙΑΚΗ-Χ.csv;2751;S_Depot;2751;S_Depot
F1;;ΚΑΘΗΜΕΡΙΝΗ-ΣΑΒΒΑΤΟ-ΚΥΡΙΑΚΗ-Χ;Revenue;2025-07-01;2025-08-31;36K;KTEL_S;Def;2751;1;224144274;224144274;224144274;17512.9;;;;;;;;06:00:00;06:00:00;N36080;OSETH;Def;2;3601;36Κ;line36 (2025).xlsx;3601_1;line36 (2025)_Timetable_ΚΑΘΗΜΕΡΙΝΗ-ΣΑΒΒΑΤΟ-ΚΥΡΙΑΚΗ-Χ.csv;2751;S_Depot;2751;S_Depot
F1;;ΚΑΘΗΜΕΡΙΝΗ-ΣΑΒΒΑΤΟ-ΚΥΡΙΑΚΗ-Χ;Revenue;2025-07-01;2025-08-31;36K;KTEL_S;Def;2751;1;224144274;224144274;224144274;17512.9;;;;;;;;06:20:00;06:20:00;N1407;OSETH;Def;3;3601;36Κ;line36 (2025).xlsx;3601_1;line36 (2025)_Timetable_ΚΑΘΗΜΕΡΙΝΗ-ΣΑΒΒΑΤΟ-ΚΥΡΙΑΚΗ-Χ.csv;2751;S_Depot;2751;S_Depot
F1;;ΚΑΘΗΜΕΡΙΝΗ-ΣΑΒΒΑΤΟ-ΚΥΡΙΑΚΗ-Χ;Revenue;2025-07-01;2025-08-31;36;KTEL_S;Def;2743;1;824021611;824021611;824021611;26076.68;;;;;;;;06:00:00;06:00:00;N1407;OSETH;Def;1;3602;36;line36 (2025).xlsx;3602_1;line36 (2025)_Timetable_ΚΑΘΗΜΕΡΙΝΗ-ΣΑΒΒΑΤΟ-ΚΥΡΙΑΚΗ-Χ.csv;2743;S_Depot;2743;S_Depot
F1;;ΚΑΘΗΜΕΡΙΝΗ-ΣΑΒΒΑΤΟ-ΚΥΡΙΑΚΗ-Χ;Revenue;2025-07-01;2025-08-31;36;KTEL_S;Def;2743;1;824021611;824021611;824021611;26076.68;;;;;;;;06:30:00;06:30:00;N15094;OSETH;Def;2;3602;36;line36 (2025).xlsx;3602_1;line36 (2025)_Timetable_ΚΑΘΗΜΕΡΙΝΗ-ΣΑΒΒΑΤΟ-ΚΥΡΙΑΚΗ-Χ.csv;2743;S_Depot;2743;S_Depot
F1;;ΚΑΘΗΜΕΡΙΝΗ-ΣΑΒΒΑΤΟ-ΚΥΡΙΑΚΗ-Χ;Revenue;2025-07-01;2025-08-31;36;KTEL_S;Def;2743;1;824021611;824021611;824021611;26076.68;;;;;;;;07:00:00;07:00:00;N1407;OSETH;Def;3;3602;36;line36 (2025).xlsx;3602_1;line36 (2025)_Timetable_ΚΑΘΗΜΕΡΙΝΗ-ΣΑΒΒΑΤΟ-ΚΥΡΙΑΚΗ-Χ.csv;2743;S_Depot;2743;S_Depot
F1;;ΚΑΘΗΜΕΡΙΝΗ-ΣΑΒΒΑΤΟ-ΚΥΡΙΑΚΗ-Χ;Revenue;2025-07-01;2025-08-31;36K;KTEL_S;Def;2751;1;889324122;889324122;889324122;17512.9;;;;;;;;06:30:00;06:30:00;N1407;OSETH;Def;1;3601;36Κ;line36 (2025).xlsx;3601_1;line36 (2025)_Timetable_ΚΑΘΗΜΕΡΙΝΗ-ΣΑΒΒΑΤΟ-ΚΥΡΙΑΚΗ-Χ.csv;2751;S_Depot;2751;S_Depot
F1;;ΚΑΘΗΜΕΡΙΝΗ-ΣΑΒΒΑΤΟ-ΚΥΡΙΑΚΗ-Χ;Revenue;2025-07-01;2025-08-31;36K;KTEL_S;Def;2751;1;889324122;889324122;889324122;17512.9;;;;;;;;06:50:00;06:50:00;N36080;OSETH;Def;2;3601;36Κ;line36 (2025).xlsx;3601_1;line36 (2025)_Timetable_ΚΑΘΗΜΕΡΙΝΗ-ΣΑΒΒΑΤΟ-ΚΥΡΙΑΚΗ-Χ.csv;2751;S_Depot;2751;S_Depot
F1;;ΚΑΘΗΜΕΡΙΝΗ-ΣΑΒΒΑΤΟ-ΚΥΡΙΑΚΗ-Χ;Revenue;2025-07-01;2025-08-31;36K;KTEL_S;Def;2751;1;889324122;889324122;889324122;17512.9;;;;;;;;07:10:00;07:10:00;N1407;OSETH;Def;3;3601;36Κ;line36 (2025).xlsx;3601_1;line36 (2025)_Timetable_ΚΑΘΗΜΕΡΙΝΗ-ΣΑΒΒΑΤΟ-ΚΥΡΙΑΚΗ-Χ.csv;2751;S_Depot;2751;S_Depot
F1;;ΚΑΘΗΜΕΡΙΝΗ-ΣΑΒΒΑΤΟ-ΚΥΡΙΑΚΗ-Χ;Revenue;2025-07-01;2025-08-31;36K;KTEL_S;Def;2751;1;346040128;346040128;346040128;17512.9;;;;;;;;06:55:00;06:55:00;N1407;OSETH;Def;1;3603;36Κ;line36 (2025).xlsx;3603_1;line36 (2025)_Timetable_ΚΑΘΗΜΕΡΙΝΗ-ΣΑΒΒΑΤΟ-ΚΥΡΙΑΚΗ-Χ.csv;2751;S_Depot;2751;S_Depot
F1;;ΚΑΘΗΜΕΡΙΝΗ-ΣΑΒΒΑΤΟ-ΚΥΡΙΑΚΗ-Χ;Revenue;2025-07-01;2025-08-31;36K;KTEL_S;Def;2751;1;346040128;346040128;346040128;17512.9;;;;;;;;07:15:00;07:15:00;N36080;OSETH;Def;2;3603;36Κ;line36 (2025).xlsx;3603_1;line36 (2025)_Timetable_ΚΑΘΗΜΕΡΙΝΗ-ΣΑΒΒΑΤΟ-ΚΥΡΙΑΚΗ-Χ.csv;2751;S_Depot;2751;S_Depot
F1;;ΚΑΘΗΜΕΡΙΝΗ-ΣΑΒΒΑΤΟ-ΚΥΡΙΑΚΗ-Χ;Revenue;2025-07-01;2025-08-31;36K;KTEL_S;Def;2751;1;346040128;346040128;346040128;17512.9;;;;;;;;07:35:00;07:35:00;N1407;OSETH;Def;3;3603;36Κ;line36 (2025).xlsx;3603_1;line36 (2025)_Timetable_ΚΑΘΗΜΕΡΙΝΗ-ΣΑΒΒΑΤΟ-ΚΥΡΙΑΚΗ-Χ.csv;2751;S_Depot;2751;S_Depot
F1;;ΚΑΘΗΜΕΡΙΝΗ-ΣΑΒΒΑΤΟ-ΚΥΡΙΑΚΗ-Χ;Revenue;2025-07-01;2025-08-31;36;KTEL_S;Def;2743;1;256117469;256117469;256117469;26076.68;;;;;;;;07:05:00;07:05:00;N1407;OSETH;Def;1;3602;36;line36 (2025).xlsx;3602_1;line36 (2025)_Timetable_ΚΑΘΗΜΕΡΙΝΗ-ΣΑΒΒΑΤΟ-ΚΥΡΙΑΚΗ-Χ.csv;2743;S_Depot;2743;S_Depot
F1;;ΚΑΘΗΜΕΡΙΝΗ-ΣΑΒΒΑΤΟ-ΚΥΡΙΑΚΗ-Χ;Revenue;2025-07-01;2025-08-31;36;KTEL_S;Def;2743;1;256117469;256117469;256117469;26076.68;;;;;;;;07:35:00;07:35:00;N15094;OSETH;Def;2;3602;36;line36 (2025).xlsx;3602_1;line36 (2025)_Timetable_ΚΑΘΗΜΕΡΙΝΗ-ΣΑΒΒΑΤΟ-ΚΥΡΙΑΚΗ-Χ.csv;2743;S_Depot;2743;S_Depot
F1;;ΚΑΘΗΜΕΡΙΝΗ-ΣΑΒΒΑΤΟ-ΚΥΡΙΑΚΗ-Χ;Revenue;2025-07-01;2025-08-31;36;KTEL_S;Def;2743;1;256117469;256117469;256117469;26076.68;;;;;;;;08:05:00;08:05:00;N1407;OSETH;Def;3;3602;36;line36 (2025).xlsx;3602_1;line36 (2025)_Timetable_ΚΑΘΗΜΕΡΙΝΗ-ΣΑΒΒΑΤΟ-ΚΥΡΙΑΚΗ-Χ.csv;2743;S_Depot;2743;S_Depot
F1;;ΚΑΘΗΜΕΡΙΝΗ-ΣΑΒΒΑΤΟ-ΚΥΡΙΑΚΗ-Χ;Revenue;2025-07-01;2025-08-31;36H;KTEL_S;Def;2749;1;292865788;292865788;292865788;19745.15;;;;;;;;07:35:00;07:35:00;N1407;OSETH;Def;1;3601;36Η;line36 (2025).xlsx;3601_1;line36 (2025)_Timetable_ΚΑΘΗΜΕΡΙΝΗ-ΣΑΒΒΑΤΟ-ΚΥΡΙΑΚΗ-Χ.csv;2749;S_Depot;2749;S_Depot
F1;;ΚΑΘΗΜΕΡΙΝΗ-ΣΑΒΒΑΤΟ-ΚΥΡΙΑΚΗ-Χ;Revenue;2025-07-01;2025-08-31;36H;KTEL_S;Def;2749;1;292865788;292865788;292865788;19745.15;;;;;;;;07:57:00;07:57:00;N36174;OSETH;Def;2;3601;36Η;line36 (2025).xlsx;3601_1;line36 (2025)_Timetable_ΚΑΘΗΜΕΡΙΝΗ-ΣΑΒΒΑΤΟ-ΚΥΡΙΑΚΗ-Χ.csv;2749;S_Depot;2749;S_Depot
F1;;ΚΑΘΗΜΕΡΙΝΗ-ΣΑΒΒΑΤΟ-ΚΥΡΙΑΚΗ-Χ;Revenue;2025-07-01;2025-08-31;36H;KTEL_S;Def;2749;1;292865788;292865788;292865788;19745.15;;;;;;;;08:20:00;08:20:00;N1407;OSETH;Def;3;3601;36Η;line36 (2025).xlsx;3601_1;line36 (2025)_Timetable_ΚΑΘΗΜΕΡΙΝΗ-ΣΑΒΒΑΤΟ-ΚΥΡΙΑΚΗ-Χ.csv;2749;S_Depot;2749;S_Depot
F1;;ΚΑΘΗΜΕΡΙΝΗ-ΣΑΒΒΑΤΟ-ΚΥΡΙΑΚΗ-Χ;Revenue;2025-07-01;2025-08-31;36K;KTEL_S;Def;2751;1;587662688;587662688;587662688;17512.9;;;;;;;;07:55:00;07:55:00;N1407;OSETH;Def;1;3603;36Κ;line36 (2025).xlsx;3603_1;line36 (2025)_Timetable_ΚΑΘΗΜΕΡΙΝΗ-ΣΑΒΒΑΤΟ-ΚΥΡΙΑΚΗ-Χ.csv;2751;S_Depot;2751;S_Depot
F1;;ΚΑΘΗΜΕΡΙΝΗ-ΣΑΒΒΑΤΟ-ΚΥΡΙΑΚΗ-Χ;Revenue;2025-07-01;2025-08-31;36K;KTEL_S;Def;2751;1;587662688;587662688;587662688;17512.9;;;;;;;;08:15:00;08:15:00;N36080;OSETH;Def;2;3603;36Κ;line36 (2025).xlsx;3603_1;line36 (2025)_Timetable_ΚΑΘΗΜΕΡΙΝΗ-ΣΑΒΒΑΤΟ-ΚΥΡΙΑΚΗ-Χ.csv;2751;S_Depot;2751;S_Depot
F1;;ΚΑΘΗΜΕΡΙΝΗ-ΣΑΒΒΑΤΟ-ΚΥΡΙΑΚΗ-Χ;Revenue;2025-07-01;2025-08-31;36K;KTEL_S;Def;2751;1;587662688;587662688;587662688;17512.9;;;;;;;;08:35:00;08:35:00;N1407;OSETH;Def;3;3603;36Κ;line36 (2025).xlsx;3603_1;line36 (2025)_Timetable_ΚΑΘΗΜΕΡΙΝΗ-ΣΑΒΒΑΤΟ-ΚΥΡΙΑΚΗ-Χ.csv;2751;S_Depot;2751;S_Depot
F1;;ΚΑΘΗΜΕΡΙΝΗ-ΣΑΒΒΑΤΟ-ΚΥΡΙΑΚΗ-Χ;Revenue;2025-07-01;2025-08-31;36;KTEL_S;Def;2743;1;602476700;602476700;602476700;26076.68;;;;;;;;08:10:00;08:10:00;N1407;OSETH;Def;1;3602;36;line36 (2025).xlsx;3602_1;line36 (2025)_Timetable_ΚΑΘΗΜΕΡΙΝΗ-ΣΑΒΒΑΤΟ-ΚΥΡΙΑΚΗ-Χ.csv;2743;S_Depot;2743;S_Depot
F1;;ΚΑΘΗΜΕΡΙΝΗ-ΣΑΒΒΑΤΟ-ΚΥΡΙΑΚΗ-Χ;Revenue;2025-07-01;2025-08-31;36;KTEL_S;Def;2743;1;602476700;602476700;602476700;26076.68;;;;;;;;08:40:00;08:40:00;N15094;OSETH;Def;2;3602;36;line36 (2025).xlsx;3602_1;line36 (2025)_Timetable_ΚΑΘΗΜΕΡΙΝΗ-ΣΑΒΒΑΤΟ-ΚΥΡΙΑΚΗ-Χ.csv;2743;S_Depot;2743;S_Depot
F1;;ΚΑΘΗΜΕΡΙΝΗ-ΣΑΒΒΑΤΟ-ΚΥΡΙΑΚΗ-Χ;Revenue;2025-07-01;2025-08-31;36;KTEL_S;Def;2743;1;602476700;602476700;602476700;26076.68;;;;;;;;09:10:00;09:10:00;N1407;OSETH;Def;3;3602;36;line36 (2025).xlsx;3602_1;line36 (2025)_Timetable_ΚΑΘΗΜΕΡΙΝΗ-ΣΑΒΒΑΤΟ-ΚΥΡΙΑΚΗ-Χ.csv;2743;S_Depot;2743;S_Depot
F1;;ΚΑΘΗΜΕΡΙΝΗ-ΣΑΒΒΑΤΟ-ΚΥΡΙΑΚΗ-Χ;Revenue;2025-07-01;2025-08-31;36E;KTEL_S;Def;2750;1;695752169;695752169;695752169;19054.65;;;;;;;;08:35:00;08:35:00;N1407;OSETH;Def;1;3601;36Ε;line36 (2025).xlsx;3601_1;line36 (2025)_Timetable_ΚΑΘΗΜΕΡΙΝΗ-ΣΑΒΒΑΤΟ-ΚΥΡΙΑΚΗ-Χ.csv;2750;S_Depot;2750;S_Depot
F1;;ΚΑΘΗΜΕΡΙΝΗ-ΣΑΒΒΑΤΟ-ΚΥΡΙΑΚΗ-Χ;Revenue;2025-07-01;2025-08-31;36E;KTEL_S;Def;2750;1;695752169;695752169;695752169;19054.65;;;;;;;;08:57:00;08:57:00;N15051;OSETH;Def;2;3601;36Ε;line36 (2025).xlsx;3601_1;line36 (2025)_Timetable_ΚΑΘΗΜΕΡΙΝΗ-ΣΑΒΒΑΤΟ-ΚΥΡΙΑΚΗ-Χ.csv;2750;S_Depot;2750;S_Depot
F1;;ΚΑΘΗΜΕΡΙΝΗ-ΣΑΒΒΑΤΟ-ΚΥΡΙΑΚΗ-Χ;Revenue;2025-07-01;2025-08-31;36E;KTEL_S;Def;2750;1;695752169;695752169;695752169;19054.65;;;;;;;;09:20:00;09:20:00;N1407;OSETH;Def;3;3601;36Ε;line36 (2025).xlsx;3601_1;line36 (2025)_Timetable_ΚΑΘΗΜΕΡΙΝΗ-ΣΑΒΒΑΤΟ-ΚΥΡΙΑΚΗ-Χ.csv;2750;S_Depot;2750;S_Depot
F1;;ΚΑΘΗΜΕΡΙΝΗ-ΣΑΒΒΑΤΟ-ΚΥΡΙΑΚΗ-Χ;Revenue;2025-07-01;2025-08-31;36K;KTEL_S;Def;2751;1;846552386;846552386;846552386;17512.9;;;;;;;;09:00:00;09:00:00;N1407;OSETH;Def;1;3603;36Κ;line36 (2025).xlsx;3603_1;line36 (2025)_Timetable_ΚΑΘΗΜΕΡΙΝΗ-ΣΑΒΒΑΤΟ-ΚΥΡΙΑΚΗ-Χ.csv;2751;S_Depot;2751;S_Depot
F1;;ΚΑΘΗΜΕΡΙΝΗ-ΣΑΒΒΑΤΟ-ΚΥΡΙΑΚΗ-Χ;Revenue;2025-07-01;2025-08-31;36K;KTEL_S;Def;2751;1;846552386;846552386;846552386;17512.9;;;;;;;;09:20:00;09:20:00;N36080;OSETH;Def;2;3603;36Κ;line36 (2025).xlsx;3603_1;line36 (2025)_Timetable_ΚΑΘΗΜΕΡΙΝΗ-ΣΑΒΒΑΤΟ-ΚΥΡΙΑΚΗ-Χ.csv;2751;S_Depot;2751;S_Depot
F1;;ΚΑΘΗΜΕΡΙΝΗ-ΣΑΒΒΑΤΟ-ΚΥΡΙΑΚΗ-Χ;Revenue;2025-07-01;2025-08-31;36K;KTEL_S;Def;2751;1;846552386;846552386;846552386;17512.9;;;;;;;;09:40:00;09:40:00;N1407;OSETH;Def;3;3603;36Κ;line36 (2025).xlsx;3603_1;line36 (2025)_Timetable_ΚΑΘΗΜΕΡΙΝΗ-ΣΑΒΒΑΤΟ-ΚΥΡΙΑΚΗ-Χ.csv;2751;S_Depot;2751;S_Depot
F1;;ΚΑΘΗΜΕΡΙΝΗ-ΣΑΒΒΑΤΟ-ΚΥΡΙΑΚΗ-Χ;Revenue;2025-07-01;2025-08-31;36;KTEL_S;Def;2743;1;194535701;194535701;194535701;26076.68;;;;;;;;09:20:00;09:20:00;N1407;OSETH;Def;1;3601;36;line36 (2025).xlsx;3601_1;line36 (2025)_Timetable_ΚΑΘΗΜΕΡΙΝΗ-ΣΑΒΒΑΤΟ-ΚΥΡΙΑΚΗ-Χ.csv;2743;S_Depot;2743;S_Depot
F1;;ΚΑΘΗΜΕΡΙΝΗ-ΣΑΒΒΑΤΟ-ΚΥΡΙΑΚΗ-Χ;Revenue;2025-07-01;2025-08-31;36;KTEL_S;Def;2743;1;194535701;194535701;194535701;26076.68;;;;;;;;09:50:00;09:50:00;N15094;OSETH;Def;2;3601;36;line36 (2025).xlsx;3601_1;line36 (2025)_Timetable_ΚΑΘΗΜΕΡΙΝΗ-ΣΑΒΒΑΤΟ-ΚΥΡΙΑΚΗ-Χ.csv;2743;S_Depot;2743;S_Depot
F1;;ΚΑΘΗΜΕΡΙΝΗ-ΣΑΒΒΑΤΟ-ΚΥΡΙΑΚΗ-Χ;Revenue;2025-07-01;2025-08-31;36;KTEL_S;Def;2743;1;194535701;194535701;194535701;26076.68;;;;;;;;10:20:00;10:20:00;N1407;OSETH;Def;3;3601;36;line36 (2025).xlsx;3601_1;line36 (2025)_Timetable_ΚΑΘΗΜΕΡΙΝΗ-ΣΑΒΒΑΤΟ-ΚΥΡΙΑΚΗ-Χ.csv;2743;S_Depot;2743;S_Depot
F1;;ΚΑΘΗΜΕΡΙΝΗ-ΣΑΒΒΑΤΟ-ΚΥΡΙΑΚΗ-Χ;Revenue;2025-07-01;2025-08-31;36T;KTEL_S;Def;2754;1;750027640;750027640;750027640;10332.5;;;;;;;;09:35:00;09:35:00;N1407;OSETH;Def;1;3602;36Τ;line36 (2025).xlsx;3602_1;line36 (2025)_Timetable_ΚΑΘΗΜΕΡΙΝΗ-ΣΑΒΒΑΤΟ-ΚΥΡΙΑΚΗ-Χ.csv;2754;S_Depot;2754;S_Depot
F1;;ΚΑΘΗΜΕΡΙΝΗ-ΣΑΒΒΑΤΟ-ΚΥΡΙΑΚΗ-Χ;Revenue;2025-07-01;2025-08-31;36T;KTEL_S;Def;2754;1;750027640;750027640;750027640;10332.5;;;;;;;;09:45:00;09:45:00;N1434;OSETH;Def;2;3602;36Τ;line36 (2025).xlsx;3602_1;line36 (2025)_Timetable_ΚΑΘΗΜΕΡΙΝΗ-ΣΑΒΒΑΤΟ-ΚΥΡΙΑΚΗ-Χ.csv;2754;S_Depot;2754;S_Depot
F1;;ΚΑΘΗΜΕΡΙΝΗ-ΣΑΒΒΑΤΟ-ΚΥΡΙΑΚΗ-Χ;Revenue;2025-07-01;2025-08-31;36T;KTEL_S;Def;2754;1;750027640;750027640;750027640;10332.5;;;;;;;;09:55:00;09:55:00;N1407;OSETH;Def;3;3602;36Τ;line36 (2025).xlsx;3602_1;line36 (2025)_Timetable_ΚΑΘΗΜΕΡΙΝΗ-ΣΑΒΒΑΤΟ-ΚΥΡΙΑΚΗ-Χ.csv;2754;S_Depot;2754;S_Depot
F1;;ΚΑΘΗΜΕΡΙΝΗ-ΣΑΒΒΑΤΟ-ΚΥΡΙΑΚΗ-Χ;Revenue;2025-07-01;2025-08-31;36N;KTEL_S;Def;2752;1;778875539;778875539;778875539;13051.94;;;;;;;;09:45:00;09:45:00;N1407;OSETH;Def;1;3603;36Ν;line36 (2025).xlsx;3603_1;line36 (2025)_Timetable_ΚΑΘΗΜΕΡΙΝΗ-ΣΑΒΒΑΤΟ-ΚΥΡΙΑΚΗ-Χ.csv;2752;S_Depot;2752;S_Depot
F1;;ΚΑΘΗΜΕΡΙΝΗ-ΣΑΒΒΑΤΟ-ΚΥΡΙΑΚΗ-Χ;Revenue;2025-07-01;2025-08-31;36N;KTEL_S;Def;2752;1;778875539;778875539;778875539;13051.94;;;;;;;;09:55:00;09:55:00;N1434;OSETH;Def;2;3603;36Ν;line36 (2025).xlsx;3603_1;line36 (2025)_Timetable_ΚΑΘΗΜΕΡΙΝΗ-ΣΑΒΒΑΤΟ-ΚΥΡΙΑΚΗ-Χ.csv;2752;S_Depot;2752;S_Depot
F1;;ΚΑΘΗΜΕΡΙΝΗ-ΣΑΒΒΑΤΟ-ΚΥΡΙΑΚΗ-Χ;Revenue;2025-07-01;2025-08-31;36N;KTEL_S;Def;2752;1;778875539;778875539;778875539;13051.94;;;;;;;;10:05:00;10:05:00;N1407;OSETH;Def;3;3603;36Ν;line36 (2025).xlsx;3603_1;line36 (2025)_Timetable_ΚΑΘΗΜΕΡΙΝΗ-ΣΑΒΒΑΤΟ-ΚΥΡΙΑΚΗ-Χ.csv;2752;S_Depot;2752;S_Depot
F1;;ΚΑΘΗΜΕΡΙΝΗ-ΣΑΒΒΑΤΟ-ΚΥΡΙΑΚΗ-Χ;Revenue;2025-07-01;2025-08-31;36K;KTEL_S;Def;2751;1;767565121;767565121;767565121;17512.9;;;;;;;;10:00:00;10:00:00;N1407;OSETH;Def;1;3602;36Κ;line36 (2025).xlsx;3602_1;line36 (2025)_Timetable_ΚΑΘΗΜΕΡΙΝΗ-ΣΑΒΒΑΤΟ-ΚΥΡΙΑΚΗ-Χ.csv;2751;S_Depot;2751;S_Depot
F1;;ΚΑΘΗΜΕΡΙΝΗ-ΣΑΒΒΑΤΟ-ΚΥΡΙΑΚΗ-Χ;Revenue;2025-07-01;2025-08-31;36K;KTEL_S;Def;2751;1;767565121;767565121;767565121;17512.9;;;;;;;;10:20:00;10:20:00;N36080;OSETH;Def;2;3602;36Κ;line36 (2025).xlsx;3602_1;line36 (2025)_Timetable_ΚΑΘΗΜΕΡΙΝΗ-ΣΑΒΒΑΤΟ-ΚΥΡΙΑΚΗ-Χ.csv;2751;S_Depot;2751;S_Depot
F1;;ΚΑΘΗΜΕΡΙΝΗ-ΣΑΒΒΑΤΟ-ΚΥΡΙΑΚΗ-Χ;Revenue;2025-07-01;2025-08-31;36K;KTEL_S;Def;2751;1;767565121;767565121;767565121;17512.9;;;;;;;;10:40:00;10:40:00;N1407;OSETH;Def;3;3602;36Κ;line36 (2025).xlsx;3602_1;line36 (2025)_Timetable_ΚΑΘΗΜΕΡΙΝΗ-ΣΑΒΒΑΤΟ-ΚΥΡΙΑΚΗ-Χ.csv;2751;S_Depot;2751;S_Depot
F1;;ΚΑΘΗΜΕΡΙΝΗ-ΣΑΒΒΑΤΟ-ΚΥΡΙΑΚΗ-Χ;Revenue;2025-07-01;2025-08-31;36E;KTEL_S;Def;2750;1;337234367;337234367;337234367;19054.65;;;;;;;;10:15:00;10:15:00;N1407;OSETH;Def;1;3603;36Ε;line36 (2025).xlsx;3603_1;line36 (2025)_Timetable_ΚΑΘΗΜΕΡΙΝΗ-ΣΑΒΒΑΤΟ-ΚΥΡΙΑΚΗ-Χ.csv;2750;S_Depot;2750;S_Depot
F1;;ΚΑΘΗΜΕΡΙΝΗ-ΣΑΒΒΑΤΟ-ΚΥΡΙΑΚΗ-Χ;Revenue;2025-07-01;2025-08-31;36E;KTEL_S;Def;2750;1;337234367;337234367;337234367;19054.65;;;;;;;;10:37:00;10:37:00;N15051;OSETH;Def;2;3603;36Ε;line36 (2025).xlsx;3603_1;line36 (2025)_Timetable_ΚΑΘΗΜΕΡΙΝΗ-ΣΑΒΒΑΤΟ-ΚΥΡΙΑΚΗ-Χ.csv;2750;S_Depot;2750;S_Depot
F1;;ΚΑΘΗΜΕΡΙΝΗ-ΣΑΒΒΑΤΟ-ΚΥΡΙΑΚΗ-Χ;Revenue;2025-07-01;2025-08-31;36E;KTEL_S;Def;2750;1;337234367;337234367;337234367;19054.65;;;;;;;;11:00:00;11:00:00;N1407;OSETH;Def;3;3603;36Ε;line36 (2025).xlsx;3603_1;line36 (2025)_Timetable_ΚΑΘΗΜΕΡΙΝΗ-ΣΑΒΒΑΤΟ-ΚΥΡΙΑΚΗ-Χ.csv;2750;S_Depot;2750;S_Depot
F1;;ΚΑΘΗΜΕΡΙΝΗ-ΣΑΒΒΑΤΟ-ΚΥΡΙΑΚΗ-Χ;Revenue;2025-07-01;2025-08-31;36;KTEL_S;Def;2743;1;250746583;250746583;250746583;26076.68;;;;;;;;10:25:00;10:25:00;N1407;OSETH;Def;1;3601;36;line36 (2025).xlsx;3601_1;line36 (2025)_Timetable_ΚΑΘΗΜΕΡΙΝΗ-ΣΑΒΒΑΤΟ-ΚΥΡΙΑΚΗ-Χ.csv;2743;S_Depot;2743;S_Depot
F1;;ΚΑΘΗΜΕΡΙΝΗ-ΣΑΒΒΑΤΟ-ΚΥΡΙΑΚΗ-Χ;Revenue;2025-07-01;2025-08-31;36;KTEL_S;Def;2743;1;250746583;250746583;250746583;26076.68;;;;;;;;10:55:00;10:55:00;N15094;OSETH;Def;2;3601;36;line36 (2025).xlsx;3601_1;line36 (2025)_Timetable_ΚΑΘΗΜΕΡΙΝΗ-ΣΑΒΒΑΤΟ-ΚΥΡΙΑΚΗ-Χ.csv;2743;S_Depot;2743;S_Depot
F1;;ΚΑΘΗΜΕΡΙΝΗ-ΣΑΒΒΑΤΟ-ΚΥΡΙΑΚΗ-Χ;Revenue;2025-07-01;2025-08-31;36;KTEL_S;Def;2743;1;250746583;250746583;250746583;26076.68;;;;;;;;11:25:00;11:25:00;N1407;OSETH;Def;3;3601;36;line36 (2025).xlsx;3601_1;line36 (2025)_Timetable_ΚΑΘΗΜΕΡΙΝΗ-ΣΑΒΒΑΤΟ-ΚΥΡΙΑΚΗ-Χ.csv;2743;S_Depot;2743;S_Depot
F1;;ΚΑΘΗΜΕΡΙΝΗ-ΣΑΒΒΑΤΟ-ΚΥΡΙΑΚΗ-Χ;Revenue;2025-07-01;2025-08-31;36K;KTEL_S;Def;2751;1;986386377;986386377;986386377;17512.9;;;;;;;;10:50:00;10:50:00;N1407;OSETH;Def;1;3602;36Κ;line36 (2025).xlsx;3602_1;line36 (2025)_Timetable_ΚΑΘΗΜΕΡΙΝΗ-ΣΑΒΒΑΤΟ-ΚΥΡΙΑΚΗ-Χ.csv;2751;S_Depot;2751;S_Depot
F1;;ΚΑΘΗΜΕΡΙΝΗ-ΣΑΒΒΑΤΟ-ΚΥΡΙΑΚΗ-Χ;Revenue;2025-07-01;2025-08-31;36K;KTEL_S;Def;2751;1;986386377;986386377;986386377;17512.9;;;;;;;;11:10:00;11:10:00;N36080;OSETH;Def;2;3602;36Κ;line36 (2025).xlsx;3602_1;line36 (2025)_Timetable_ΚΑΘΗΜΕΡΙΝΗ-ΣΑΒΒΑΤΟ-ΚΥΡΙΑΚΗ-Χ.csv;2751;S_Depot;2751;S_Depot
F1;;ΚΑΘΗΜΕΡΙΝΗ-ΣΑΒΒΑΤΟ-ΚΥΡΙΑΚΗ-Χ;Revenue;2025-07-01;2025-08-31;36K;KTEL_S;Def;2751;1;986386377;986386377;986386377;17512.9;;;;;;;;11:30:00;11:30:00;N1407;OSETH;Def;3;3602;36Κ;line36 (2025).xlsx;3602_1;line36 (2025)_Timetable_ΚΑΘΗΜΕΡΙΝΗ-ΣΑΒΒΑΤΟ-ΚΥΡΙΑΚΗ-Χ.csv;2751;S_Depot;2751;S_Depot
F1;;ΚΑΘΗΜΕΡΙΝΗ-ΣΑΒΒΑΤΟ-ΚΥΡΙΑΚΗ-Χ;Revenue;2025-07-01;2025-08-31;36K;KTEL_S;Def;2751;1;669740815;669740815;669740815;17512.9;;;;;;;;11:15:00;11:15:00;N1407;OSETH;Def;1;3603;36Κ;line36 (2025).xlsx;3603_1;line36 (2025)_Timetable_ΚΑΘΗΜΕΡΙΝΗ-ΣΑΒΒΑΤΟ-ΚΥΡΙΑΚΗ-Χ.csv;2751;S_Depot;2751;S_Depot
F1;;ΚΑΘΗΜΕΡΙΝΗ-ΣΑΒΒΑΤΟ-ΚΥΡΙΑΚΗ-Χ;Revenue;2025-07-01;2025-08-31;36K;KTEL_S;Def;2751;1;669740815;669740815;669740815;17512.9;;;;;;;;11:35:00;11:35:00;N36080;OSETH;Def;2;3603;36Κ;line36 (2025).xlsx;3603_1;line36 (2025)_Timetable_ΚΑΘΗΜΕΡΙΝΗ-ΣΑΒΒΑΤΟ-ΚΥΡΙΑΚΗ-Χ.csv;2751;S_Depot;2751;S_Depot
F1;;ΚΑΘΗΜΕΡΙΝΗ-ΣΑΒΒΑΤΟ-ΚΥΡΙΑΚΗ-Χ;Revenue;2025-07-01;2025-08-31;36K;KTEL_S;Def;2751;1;669740815;669740815;669740815;17512.9;;;;;;;;11:55:00;11:55:00;N1407;OSETH;Def;3;3603;36Κ;line36 (2025).xlsx;3603_1;line36 (2025)_Timetable_ΚΑΘΗΜΕΡΙΝΗ-ΣΑΒΒΑΤΟ-ΚΥΡΙΑΚΗ-Χ.csv;2751;S_Depot;2751;S_Depot
F1;;ΚΑΘΗΜΕΡΙΝΗ-ΣΑΒΒΑΤΟ-ΚΥΡΙΑΚΗ-Χ;Revenue;2025-07-01;2025-08-31;36;KTEL_S;Def;2743;1;694477788;694477788;694477788;26076.68;;;;;;;;11:30:00;11:30:00;N1407;OSETH;Def;1;3601;36;line36 (2025).xlsx;3601_1;line36 (2025)_Timetable_ΚΑΘΗΜΕΡΙΝΗ-ΣΑΒΒΑΤΟ-ΚΥΡΙΑΚΗ-Χ.csv;2743;S_Depot;2743;S_Depot
F1;;ΚΑΘΗΜΕΡΙΝΗ-ΣΑΒΒΑΤΟ-ΚΥΡΙΑΚΗ-Χ;Revenue;2025-07-01;2025-08-31;36;KTEL_S;Def;2743;1;694477788;694477788;694477788;26076.68;;;;;;;;12:00:00;12:00:00;N15094;OSETH;Def;2;3601;36;line36 (2025).xlsx;3601_1;line36 (2025)_Timetable_ΚΑΘΗΜΕΡΙΝΗ-ΣΑΒΒΑΤΟ-ΚΥΡΙΑΚΗ-Χ.csv;2743;S_Depot;2743;S_Depot
F1;;ΚΑΘΗΜΕΡΙΝΗ-ΣΑΒΒΑΤΟ-ΚΥΡΙΑΚΗ-Χ;Revenue;2025-07-01;2025-08-31;36;KTEL_S;Def;2743;1;694477788;694477788;694477788;26076.68;;;;;;;;12:30:00;12:30:00;N1407;OSETH;Def;3;3601;36;line36 (2025).xlsx;3601_1;line36 (2025)_Timetable_ΚΑΘΗΜΕΡΙΝΗ-ΣΑΒΒΑΤΟ-ΚΥΡΙΑΚΗ-Χ.csv;2743;S_Depot;2743;S_Depot
F1;;ΚΑΘΗΜΕΡΙΝΗ-ΣΑΒΒΑΤΟ-ΚΥΡΙΑΚΗ-Χ;Revenue;2025-07-01;2025-08-31;36E;KTEL_S;Def;2750;1;907678288;907678288;907678288;19054.65;;;;;;;;12:00:00;12:00:00;N1407;OSETH;Def;1;3602;36Ε;line36 (2025).xlsx;3602_1;line36 (2025)_Timetable_ΚΑΘΗΜΕΡΙΝΗ-ΣΑΒΒΑΤΟ-ΚΥΡΙΑΚΗ-Χ.csv;2750;S_Depot;2750;S_Depot
F1;;ΚΑΘΗΜΕΡΙΝΗ-ΣΑΒΒΑΤΟ-ΚΥΡΙΑΚΗ-Χ;Revenue;2025-07-01;2025-08-31;36E;KTEL_S;Def;2750;1;907678288;907678288;907678288;19054.65;;;;;;;;12:22:00;12:22:00;N15051;OSETH;Def;2;3602;36Ε;line36 (2025).xlsx;3602_1;line36 (2025)_Timetable_ΚΑΘΗΜΕΡΙΝΗ-ΣΑΒΒΑΤΟ-ΚΥΡΙΑΚΗ-Χ.csv;2750;S_Depot;2750;S_Depot
F1;;ΚΑΘΗΜΕΡΙΝΗ-ΣΑΒΒΑΤΟ-ΚΥΡΙΑΚΗ-Χ;Revenue;2025-07-01;2025-08-31;36E;KTEL_S;Def;2750;1;907678288;907678288;907678288;19054.65;;;;;;;;12:45:00;12:45:00;N1407;OSETH;Def;3;3602;36Ε;line36 (2025).xlsx;3602_1;line36 (2025)_Timetable_ΚΑΘΗΜΕΡΙΝΗ-ΣΑΒΒΑΤΟ-ΚΥΡΙΑΚΗ-Χ.csv;2750;S_Depot;2750;S_Depot
F1;;ΚΑΘΗΜΕΡΙΝΗ-ΣΑΒΒΑΤΟ-ΚΥΡΙΑΚΗ-Χ;Revenue;2025-07-01;2025-08-31;36K;KTEL_S;Def;2751;1;925206196;925206196;925206196;17512.9;;;;;;;;12:20:00;12:20:00;N1407;OSETH;Def;1;3603;36Κ;line36 (2025).xlsx;3603_1;line36 (2025)_Timetable_ΚΑΘΗΜΕΡΙΝΗ-ΣΑΒΒΑΤΟ-ΚΥΡΙΑΚΗ-Χ.csv;2751;S_Depot;2751;S_Depot
F1;;ΚΑΘΗΜΕΡΙΝΗ-ΣΑΒΒΑΤΟ-ΚΥΡΙΑΚΗ-Χ;Revenue;2025-07-01;2025-08-31;36K;KTEL_S;Def;2751;1;925206196;925206196;925206196;17512.9;;;;;;;;12:40:00;12:40:00;N36080;OSETH;Def;2;3603;36Κ;line36 (2025).xlsx;3603_1;line36 (2025)_Timetable_ΚΑΘΗΜΕΡΙΝΗ-ΣΑΒΒΑΤΟ-ΚΥΡΙΑΚΗ-Χ.csv;2751;S_Depot;2751;S_Depot
F1;;ΚΑΘΗΜΕΡΙΝΗ-ΣΑΒΒΑΤΟ-ΚΥΡΙΑΚΗ-Χ;Revenue;2025-07-01;2025-08-31;36K;KTEL_S;Def;2751;1;925206196;925206196;925206196;17512.9;;;;;;;;13:00:00;13:00:00;N1407;OSETH;Def;3;3603;36Κ;line36 (2025).xlsx;3603_1;line36 (2025)_Timetable_ΚΑΘΗΜΕΡΙΝΗ-ΣΑΒΒΑΤΟ-ΚΥΡΙΑΚΗ-Χ.csv;2751;S_Depot;2751;S_Depot
F1;;ΚΑΘΗΜΕΡΙΝΗ-ΣΑΒΒΑΤΟ-ΚΥΡΙΑΚΗ-Χ;Revenue;2025-07-01;2025-08-31;36;KTEL_S;Def;2743;1;875207558;875207558;875207558;26076.68;;;;;;;;12:35:00;12:35:00;N1407;OSETH;Def;1;3601;36;line36 (2025).xlsx;3601_2;line36 (2025)_Timetable_ΚΑΘΗΜΕΡΙΝΗ-ΣΑΒΒΑΤΟ-ΚΥΡΙΑΚΗ-Χ.csv;2743;S_Depot;2743;S_Depot
F1;;ΚΑΘΗΜΕΡΙΝΗ-ΣΑΒΒΑΤΟ-ΚΥΡΙΑΚΗ-Χ;Revenue;2025-07-01;2025-08-31;36;KTEL_S;Def;2743;1;875207558;875207558;875207558;26076.68;;;;;;;;13:05:00;13:05:00;N15094;OSETH;Def;2;3601;36;line36 (2025).xlsx;3601_2;line36 (2025)_Timetable_ΚΑΘΗΜΕΡΙΝΗ-ΣΑΒΒΑΤΟ-ΚΥΡΙΑΚΗ-Χ.csv;2743;S_Depot;2743;S_Depot
F1;;ΚΑΘΗΜΕΡΙΝΗ-ΣΑΒΒΑΤΟ-ΚΥΡΙΑΚΗ-Χ;Revenue;2025-07-01;2025-08-31;36;KTEL_S;Def;2743;1;875207558;875207558;875207558;26076.68;;;;;;;;13:35:00;13:35:00;N1407;OSETH;Def;3;3601;36;line36 (2025).xlsx;3601_2;line36 (2025)_Timetable_ΚΑΘΗΜΕΡΙΝΗ-ΣΑΒΒΑΤΟ-ΚΥΡΙΑΚΗ-Χ.csv;2743;S_Depot;2743;S_Depot
F1;;ΚΑΘΗΜΕΡΙΝΗ-ΣΑΒΒΑΤΟ-ΚΥΡΙΑΚΗ-Χ;Revenue;2025-07-01;2025-08-31;36K;KTEL_S;Def;2751;1;323241331;323241331;323241331;17512.9;;;;;;;;13:05:00;13:05:00;N1407;OSETH;Def;1;3602;36Κ;line36 (2025).xlsx;3602_1;line36 (2025)_Timetable_ΚΑΘΗΜΕΡΙΝΗ-ΣΑΒΒΑΤΟ-ΚΥΡΙΑΚΗ-Χ.csv;2751;S_Depot;2751;S_Depot
F1;;ΚΑΘΗΜΕΡΙΝΗ-ΣΑΒΒΑΤΟ-ΚΥΡΙΑΚΗ-Χ;Revenue;2025-07-01;2025-08-31;36K;KTEL_S;Def;2751;1;323241331;323241331;323241331;17512.9;;;;;;;;13:25:00;13:25:00;N36080;OSETH;Def;2;3602;36Κ;line36 (2025).xlsx;3602_1;line36 (2025)_Timetable_ΚΑΘΗΜΕΡΙΝΗ-ΣΑΒΒΑΤΟ-ΚΥΡΙΑΚΗ-Χ.csv;2751;S_Depot;2751;S_Depot
F1;;ΚΑΘΗΜΕΡΙΝΗ-ΣΑΒΒΑΤΟ-ΚΥΡΙΑΚΗ-Χ;Revenue;2025-07-01;2025-08-31;36K;KTEL_S;Def;2751;1;323241331;323241331;323241331;17512.9;;;;;;;;13:45:00;13:45:00;N1407;OSETH;Def;3;3602;36Κ;line36 (2025).xlsx;3602_1;line36 (2025)_Timetable_ΚΑΘΗΜΕΡΙΝΗ-ΣΑΒΒΑΤΟ-ΚΥΡΙΑΚΗ-Χ.csv;2751;S_Depot;2751;S_Depot
F1;;ΚΑΘΗΜΕΡΙΝΗ-ΣΑΒΒΑΤΟ-ΚΥΡΙΑΚΗ-Χ;Revenue;2025-07-01;2025-08-31;36K;KTEL_S;Def;2751;1;825264894;825264894;825264894;17512.9;;;;;;;;13:25:00;13:25:00;N1407;OSETH;Def;1;3603;36Κ;line36 (2025).xlsx;3603_1;line36 (2025)_Timetable_ΚΑΘΗΜΕΡΙΝΗ-ΣΑΒΒΑΤΟ-ΚΥΡΙΑΚΗ-Χ.csv;2751;S_Depot;2751;S_Depot
F1;;ΚΑΘΗΜΕΡΙΝΗ-ΣΑΒΒΑΤΟ-ΚΥΡΙΑΚΗ-Χ;Revenue;2025-07-01;2025-08-31;36K;KTEL_S;Def;2751;1;825264894;825264894;825264894;17512.9;;;;;;;;13:45:00;13:45:00;N36080;OSETH;Def;2;3603;36Κ;line36 (2025).xlsx;3603_1;line36 (2025)_Timetable_ΚΑΘΗΜΕΡΙΝΗ-ΣΑΒΒΑΤΟ-ΚΥΡΙΑΚΗ-Χ.csv;2751;S_Depot;2751;S_Depot
F1;;ΚΑΘΗΜΕΡΙΝΗ-ΣΑΒΒΑΤΟ-ΚΥΡΙΑΚΗ-Χ;Revenue;2025-07-01;2025-08-31;36K;KTEL_S;Def;2751;1;825264894;825264894;825264894;17512.9;;;;;;;;14:05:00;14:05:00;N1407;OSETH;Def;3;3603;36Κ;line36 (2025).xlsx;3603_1;line36 (2025)_Timetable_ΚΑΘΗΜΕΡΙΝΗ-ΣΑΒΒΑΤΟ-ΚΥΡΙΑΚΗ-Χ.csv;2751;S_Depot;2751;S_Depot
F1;;ΚΑΘΗΜΕΡΙΝΗ-ΣΑΒΒΑΤΟ-ΚΥΡΙΑΚΗ-Χ;Revenue;2025-07-01;2025-08-31;36;KTEL_S;Def;2743;1;463808428;463808428;463808428;26076.68;;;;;;;;13:40:00;13:40:00;N1407;OSETH;Def;1;3601;36;line36 (2025).xlsx;3601_2;line36 (2025)_Timetable_ΚΑΘΗΜΕΡΙΝΗ-ΣΑΒΒΑΤΟ-ΚΥΡΙΑΚΗ-Χ.csv;2743;S_Depot;2743;S_Depot
F1;;ΚΑΘΗΜΕΡΙΝΗ-ΣΑΒΒΑΤΟ-ΚΥΡΙΑΚΗ-Χ;Revenue;2025-07-01;2025-08-31;36;KTEL_S;Def;2743;1;463808428;463808428;463808428;26076.68;;;;;;;;14:10:00;14:10:00;N15094;OSETH;Def;2;3601;36;line36 (2025).xlsx;3601_2;line36 (2025)_Timetable_ΚΑΘΗΜΕΡΙΝΗ-ΣΑΒΒΑΤΟ-ΚΥΡΙΑΚΗ-Χ.csv;2743;S_Depot;2743;S_Depot
F1;;ΚΑΘΗΜΕΡΙΝΗ-ΣΑΒΒΑΤΟ-ΚΥΡΙΑΚΗ-Χ;Revenue;2025-07-01;2025-08-31;36;KTEL_S;Def;2743;1;463808428;463808428;463808428;26076.68;;;;;;;;14:40:00;14:40:00;N1407;OSETH;Def;3;3601;36;line36 (2025).xlsx;3601_2;line36 (2025)_Timetable_ΚΑΘΗΜΕΡΙΝΗ-ΣΑΒΒΑΤΟ-ΚΥΡΙΑΚΗ-Χ.csv;2743;S_Depot;2743;S_Depot
F1;;ΚΑΘΗΜΕΡΙΝΗ-ΣΑΒΒΑΤΟ-ΚΥΡΙΑΚΗ-Χ;Revenue;2025-07-01;2025-08-31;36K;KTEL_S;Def;2751;1;881384366;881384366;881384366;17512.9;;;;;;;;14:10:00;14:10:00;N1407;OSETH;Def;1;3602;36Κ;line36 (2025).xlsx;3602_2;line36 (2025)_Timetable_ΚΑΘΗΜΕΡΙΝΗ-ΣΑΒΒΑΤΟ-ΚΥΡΙΑΚΗ-Χ.csv;2751;S_Depot;2751;S_Depot
F1;;ΚΑΘΗΜΕΡΙΝΗ-ΣΑΒΒΑΤΟ-ΚΥΡΙΑΚΗ-Χ;Revenue;2025-07-01;2025-08-31;36K;KTEL_S;Def;2751;1;881384366;881384366;881384366;17512.9;;;;;;;;14:30:00;14:30:00;N36080;OSETH;Def;2;3602;36Κ;line36 (2025).xlsx;3602_2;line36 (2025)_Timetable_ΚΑΘΗΜΕΡΙΝΗ-ΣΑΒΒΑΤΟ-ΚΥΡΙΑΚΗ-Χ.csv;2751;S_Depot;2751;S_Depot
F1;;ΚΑΘΗΜΕΡΙΝΗ-ΣΑΒΒΑΤΟ-ΚΥΡΙΑΚΗ-Χ;Revenue;2025-07-01;2025-08-31;36K;KTEL_S;Def;2751;1;881384366;881384366;881384366;17512.9;;;;;;;;14:50:00;14:50:00;N1407;OSETH;Def;3;3602;36Κ;line36 (2025).xlsx;3602_2;line36 (2025)_Timetable_ΚΑΘΗΜΕΡΙΝΗ-ΣΑΒΒΑΤΟ-ΚΥΡΙΑΚΗ-Χ.csv;2751;S_Depot;2751;S_Depot
F1;;ΚΑΘΗΜΕΡΙΝΗ-ΣΑΒΒΑΤΟ-ΚΥΡΙΑΚΗ-Χ;Revenue;2025-07-01;2025-08-31;36K;KTEL_S;Def;2751;1;371860518;371860518;371860518;17512.9;;;;;;;;14:30:00;14:30:00;N1407;OSETH;Def;1;3603;36Κ;line36 (2025).xlsx;3603_1;line36 (2025)_Timetable_ΚΑΘΗΜΕΡΙΝΗ-ΣΑΒΒΑΤΟ-ΚΥΡΙΑΚΗ-Χ.csv;2751;S_Depot;2751;S_Depot
F1;;ΚΑΘΗΜΕΡΙΝΗ-ΣΑΒΒΑΤΟ-ΚΥΡΙΑΚΗ-Χ;Revenue;2025-07-01;2025-08-31;36K;KTEL_S;Def;2751;1;371860518;371860518;371860518;17512.9;;;;;;;;14:50:00;14:50:00;N36080;OSETH;Def;2;3603;36Κ;line36 (2025).xlsx;3603_1;line36 (2025)_Timetable_ΚΑΘΗΜΕΡΙΝΗ-ΣΑΒΒΑΤΟ-ΚΥΡΙΑΚΗ-Χ.csv;2751;S_Depot;2751;S_Depot
F1;;ΚΑΘΗΜΕΡΙΝΗ-ΣΑΒΒΑΤΟ-ΚΥΡΙΑΚΗ-Χ;Revenue;2025-07-01;2025-08-31;36K;KTEL_S;Def;2751;1;371860518;371860518;371860518;17512.9;;;;;;;;15:10:00;15:10:00;N1407;OSETH;Def;3;3603;36Κ;line36 (2025).xlsx;3603_1;line36 (2025)_Timetable_ΚΑΘΗΜΕΡΙΝΗ-ΣΑΒΒΑΤΟ-ΚΥΡΙΑΚΗ-Χ.csv;2751;S_Depot;2751;S_Depot
F1;;ΚΑΘΗΜΕΡΙΝΗ-ΣΑΒΒΑΤΟ-ΚΥΡΙΑΚΗ-Χ;Revenue;2025-07-01;2025-08-31;36;KTEL_S;Def;2743;1;674420045;674420045;674420045;26076.68;;;;;;;;14:45:00;14:45:00;N1407;OSETH;Def;1;3601;36;line36 (2025).xlsx;3601_2;line36 (2025)_Timetable_ΚΑΘΗΜΕΡΙΝΗ-ΣΑΒΒΑΤΟ-ΚΥΡΙΑΚΗ-Χ.csv;2743;S_Depot;2743;S_Depot
F1;;ΚΑΘΗΜΕΡΙΝΗ-ΣΑΒΒΑΤΟ-ΚΥΡΙΑΚΗ-Χ;Revenue;2025-07-01;2025-08-31;36;KTEL_S;Def;2743;1;674420045;674420045;674420045;26076.68;;;;;;;;15:15:00;15:15:00;N15094;OSETH;Def;2;3601;36;line36 (2025).xlsx;3601_2;line36 (2025)_Timetable_ΚΑΘΗΜΕΡΙΝΗ-ΣΑΒΒΑΤΟ-ΚΥΡΙΑΚΗ-Χ.csv;2743;S_Depot;2743;S_Depot
F1;;ΚΑΘΗΜΕΡΙΝΗ-ΣΑΒΒΑΤΟ-ΚΥΡΙΑΚΗ-Χ;Revenue;2025-07-01;2025-08-31;36;KTEL_S;Def;2743;1;674420045;674420045;674420045;26076.68;;;;;;;;15:45:00;15:45:00;N1407;OSETH;Def;3;3601;36;line36 (2025).xlsx;3601_2;line36 (2025)_Timetable_ΚΑΘΗΜΕΡΙΝΗ-ΣΑΒΒΑΤΟ-ΚΥΡΙΑΚΗ-Χ.csv;2743;S_Depot;2743;S_Depot
F1;;ΚΑΘΗΜΕΡΙΝΗ-ΣΑΒΒΑΤΟ-ΚΥΡΙΑΚΗ-Χ;Revenue;2025-07-01;2025-08-31;36T;KTEL_S;Def;2754;1;306403822;306403822;306403822;10332.5;;;;;;;;15:00:00;15:00:00;N1407;OSETH;Def;1;3602;36Τ;line36 (2025).xlsx;3602_2;line36 (2025)_Timetable_ΚΑΘΗΜΕΡΙΝΗ-ΣΑΒΒΑΤΟ-ΚΥΡΙΑΚΗ-Χ.csv;2754;S_Depot;2754;S_Depot
F1;;ΚΑΘΗΜΕΡΙΝΗ-ΣΑΒΒΑΤΟ-ΚΥΡΙΑΚΗ-Χ;Revenue;2025-07-01;2025-08-31;36T;KTEL_S;Def;2754;1;306403822;306403822;306403822;10332.5;;;;;;;;15:10:00;15:10:00;N1434;OSETH;Def;2;3602;36Τ;line36 (2025).xlsx;3602_2;line36 (2025)_Timetable_ΚΑΘΗΜΕΡΙΝΗ-ΣΑΒΒΑΤΟ-ΚΥΡΙΑΚΗ-Χ.csv;2754;S_Depot;2754;S_Depot
F1;;ΚΑΘΗΜΕΡΙΝΗ-ΣΑΒΒΑΤΟ-ΚΥΡΙΑΚΗ-Χ;Revenue;2025-07-01;2025-08-31;36T;KTEL_S;Def;2754;1;306403822;306403822;306403822;10332.5;;;;;;;;15:20:00;15:20:00;N1407;OSETH;Def;3;3602;36Τ;line36 (2025).xlsx;3602_2;line36 (2025)_Timetable_ΚΑΘΗΜΕΡΙΝΗ-ΣΑΒΒΑΤΟ-ΚΥΡΙΑΚΗ-Χ.csv;2754;S_Depot;2754;S_Depot
F1;;ΚΑΘΗΜΕΡΙΝΗ-ΣΑΒΒΑΤΟ-ΚΥΡΙΑΚΗ-Χ;Revenue;2025-07-01;2025-08-31;36K;KTEL_S;Def;2751;1;426680208;426680208;426680208;17512.9;;;;;;;;15:20:00;15:20:00;N1407;OSETH;Def;1;3602;36Κ;line36 (2025).xlsx;3602_2;line36 (2025)_Timetable_ΚΑΘΗΜΕΡΙΝΗ-ΣΑΒΒΑΤΟ-ΚΥΡΙΑΚΗ-Χ.csv;2751;S_Depot;2751;S_Depot
F1;;ΚΑΘΗΜΕΡΙΝΗ-ΣΑΒΒΑΤΟ-ΚΥΡΙΑΚΗ-Χ;Revenue;2025-07-01;2025-08-31;36K;KTEL_S;Def;2751;1;426680208;426680208;426680208;17512.9;;;;;;;;15:40:00;15:40:00;N36080;OSETH;Def;2;3602;36Κ;line36 (2025).xlsx;3602_2;line36 (2025)_Timetable_ΚΑΘΗΜΕΡΙΝΗ-ΣΑΒΒΑΤΟ-ΚΥΡΙΑΚΗ-Χ.csv;2751;S_Depot;2751;S_Depot
F1;;ΚΑΘΗΜΕΡΙΝΗ-ΣΑΒΒΑΤΟ-ΚΥΡΙΑΚΗ-Χ;Revenue;2025-07-01;2025-08-31;36K;KTEL_S;Def;2751;1;426680208;426680208;426680208;17512.9;;;;;;;;16:00:00;16:00:00;N1407;OSETH;Def;3;3602;36Κ;line36 (2025).xlsx;3602_2;line36 (2025)_Timetable_ΚΑΘΗΜΕΡΙΝΗ-ΣΑΒΒΑΤΟ-ΚΥΡΙΑΚΗ-Χ.csv;2751;S_Depot;2751;S_Depot
F1;;ΚΑΘΗΜΕΡΙΝΗ-ΣΑΒΒΑΤΟ-ΚΥΡΙΑΚΗ-Χ;Revenue;2025-07-01;2025-08-31;36;KTEL_S;Def;2743;1;756192118;756192118;756192118;26076.68;;;;;;;;15:35:00;15:35:00;N1407;OSETH;Def;1;3603;36;line36 (2025).xlsx;3603_2;line36 (2025)_Timetable_ΚΑΘΗΜΕΡΙΝΗ-ΣΑΒΒΑΤΟ-ΚΥΡΙΑΚΗ-Χ.csv;2743;S_Depot;2743;S_Depot
F1;;ΚΑΘΗΜΕΡΙΝΗ-ΣΑΒΒΑΤΟ-ΚΥΡΙΑΚΗ-Χ;Revenue;2025-07-01;2025-08-31;36;KTEL_S;Def;2743;1;756192118;756192118;756192118;26076.68;;;;;;;;16:05:00;16:05:00;N15094;OSETH;Def;2;3603;36;line36 (2025).xlsx;3603_2;line36 (2025)_Timetable_ΚΑΘΗΜΕΡΙΝΗ-ΣΑΒΒΑΤΟ-ΚΥΡΙΑΚΗ-Χ.csv;2743;S_Depot;2743;S_Depot
F1;;ΚΑΘΗΜΕΡΙΝΗ-ΣΑΒΒΑΤΟ-ΚΥΡΙΑΚΗ-Χ;Revenue;2025-07-01;2025-08-31;36;KTEL_S;Def;2743;1;756192118;756192118;756192118;26076.68;;;;;;;;16:35:00;16:35:00;N1407;OSETH;Def;3;3603;36;line36 (2025).xlsx;3603_2;line36 (2025)_Timetable_ΚΑΘΗΜΕΡΙΝΗ-ΣΑΒΒΑΤΟ-ΚΥΡΙΑΚΗ-Χ.csv;2743;S_Depot;2743;S_Depot
F1;;ΚΑΘΗΜΕΡΙΝΗ-ΣΑΒΒΑΤΟ-ΚΥΡΙΑΚΗ-Χ;Revenue;2025-07-01;2025-08-31;36E;KTEL_S;Def;2750;1;370651262;370651262;370651262;19054.65;;;;;;;;15:50:00;15:50:00;N1407;OSETH;Def;1;3601;36Ε;line36 (2025).xlsx;3601_2;line36 (2025)_Timetable_ΚΑΘΗΜΕΡΙΝΗ-ΣΑΒΒΑΤΟ-ΚΥΡΙΑΚΗ-Χ.csv;2750;S_Depot;2750;S_Depot
F1;;ΚΑΘΗΜΕΡΙΝΗ-ΣΑΒΒΑΤΟ-ΚΥΡΙΑΚΗ-Χ;Revenue;2025-07-01;2025-08-31;36E;KTEL_S;Def;2750;1;370651262;370651262;370651262;19054.65;;;;;;;;16:12:00;16:12:00;N15051;OSETH;Def;2;3601;36Ε;line36 (2025).xlsx;3601_2;line36 (2025)_Timetable_ΚΑΘΗΜΕΡΙΝΗ-ΣΑΒΒΑΤΟ-ΚΥΡΙΑΚΗ-Χ.csv;2750;S_Depot;2750;S_Depot
F1;;ΚΑΘΗΜΕΡΙΝΗ-ΣΑΒΒΑΤΟ-ΚΥΡΙΑΚΗ-Χ;Revenue;2025-07-01;2025-08-31;36E;KTEL_S;Def;2750;1;370651262;370651262;370651262;19054.65;;;;;;;;16:35:00;16:35:00;N1407;OSETH;Def;3;3601;36Ε;line36 (2025).xlsx;3601_2;line36 (2025)_Timetable_ΚΑΘΗΜΕΡΙΝΗ-ΣΑΒΒΑΤΟ-ΚΥΡΙΑΚΗ-Χ.csv;2750;S_Depot;2750;S_Depot
F1;;ΚΑΘΗΜΕΡΙΝΗ-ΣΑΒΒΑΤΟ-ΚΥΡΙΑΚΗ-Χ;Revenue;2025-07-01;2025-08-31;36H;KTEL_S;Def;2748;1;767911086;767911086;767911086;19759.73;;;;;;;;16:15:00;16:15:00;N1407;OSETH;Def;1;3602;36Η;line36 (2025).xlsx;3602_2;line36 (2025)_Timetable_ΚΑΘΗΜΕΡΙΝΗ-ΣΑΒΒΑΤΟ-ΚΥΡΙΑΚΗ-Χ.csv;2748;S_Depot;2748;S_Depot
F1;;ΚΑΘΗΜΕΡΙΝΗ-ΣΑΒΒΑΤΟ-ΚΥΡΙΑΚΗ-Χ;Revenue;2025-07-01;2025-08-31;36H;KTEL_S;Def;2748;1;767911086;767911086;767911086;19759.73;;;;;;;;16:37:00;16:37:00;N36079;OSETH;Def;2;3602;36Η;line36 (2025).xlsx;3602_2;line36 (2025)_Timetable_ΚΑΘΗΜΕΡΙΝΗ-ΣΑΒΒΑΤΟ-ΚΥΡΙΑΚΗ-Χ.csv;2748;S_Depot;2748;S_Depot
F1;;ΚΑΘΗΜΕΡΙΝΗ-ΣΑΒΒΑΤΟ-ΚΥΡΙΑΚΗ-Χ;Revenue;2025-07-01;2025-08-31;36H;KTEL_S;Def;2748;1;767911086;767911086;767911086;19759.73;;;;;;;;17:00:00;17:00:00;N1407;OSETH;Def;3;3602;36Η;line36 (2025).xlsx;3602_2;line36 (2025)_Timetable_ΚΑΘΗΜΕΡΙΝΗ-ΣΑΒΒΑΤΟ-ΚΥΡΙΑΚΗ-Χ.csv;2748;S_Depot;2748;S_Depot
F1;;ΚΑΘΗΜΕΡΙΝΗ-ΣΑΒΒΑΤΟ-ΚΥΡΙΑΚΗ-Χ;Revenue;2025-07-01;2025-08-31;36E;KTEL_S;Def;2750;1;767987554;767987554;767987554;19054.65;;;;;;;;16:50:00;16:50:00;N1407;OSETH;Def;1;3603;36Ε;line36 (2025).xlsx;3603_2;line36 (2025)_Timetable_ΚΑΘΗΜΕΡΙΝΗ-ΣΑΒΒΑΤΟ-ΚΥΡΙΑΚΗ-Χ.csv;2750;S_Depot;2750;S_Depot
F1;;ΚΑΘΗΜΕΡΙΝΗ-ΣΑΒΒΑΤΟ-ΚΥΡΙΑΚΗ-Χ;Revenue;2025-07-01;2025-08-31;36E;KTEL_S;Def;2750;1;767987554;767987554;767987554;19054.65;;;;;;;;17:17:00;17:17:00;N15051;OSETH;Def;2;3603;36Ε;line36 (2025).xlsx;3603_2;line36 (2025)_Timetable_ΚΑΘΗΜΕΡΙΝΗ-ΣΑΒΒΑΤΟ-ΚΥΡΙΑΚΗ-Χ.csv;2750;S_Depot;2750;S_Depot
F1;;ΚΑΘΗΜΕΡΙΝΗ-ΣΑΒΒΑΤΟ-ΚΥΡΙΑΚΗ-Χ;Revenue;2025-07-01;2025-08-31;36E;KTEL_S;Def;2750;1;767987554;767987554;767987554;19054.65;;;;;;;;17:45:00;17:45:00;N1407;OSETH;Def;3;3603;36Ε;line36 (2025).xlsx;3603_2;line36 (2025)_Timetable_ΚΑΘΗΜΕΡΙΝΗ-ΣΑΒΒΑΤΟ-ΚΥΡΙΑΚΗ-Χ.csv;2750;S_Depot;2750;S_Depot
F1;;ΚΑΘΗΜΕΡΙΝΗ-ΣΑΒΒΑΤΟ-ΚΥΡΙΑΚΗ-Χ;Revenue;2025-07-01;2025-08-31;36;KTEL_S;Def;2743;1;236709663;236709663;236709663;26076.68;;;;;;;;17:10:00;17:10:00;N1407;OSETH;Def;1;3601;36;line36 (2025).xlsx;3601_2;line36 (2025)_Timetable_ΚΑΘΗΜΕΡΙΝΗ-ΣΑΒΒΑΤΟ-ΚΥΡΙΑΚΗ-Χ.csv;2743;S_Depot;2743;S_Depot
F1;;ΚΑΘΗΜΕΡΙΝΗ-ΣΑΒΒΑΤΟ-ΚΥΡΙΑΚΗ-Χ;Revenue;2025-07-01;2025-08-31;36;KTEL_S;Def;2743;1;236709663;236709663;236709663;26076.68;;;;;;;;17:40:00;17:40:00;N15094;OSETH;Def;2;3601;36;line36 (2025).xlsx;3601_2;line36 (2025)_Timetable_ΚΑΘΗΜΕΡΙΝΗ-ΣΑΒΒΑΤΟ-ΚΥΡΙΑΚΗ-Χ.csv;2743;S_Depot;2743;S_Depot
F1;;ΚΑΘΗΜΕΡΙΝΗ-ΣΑΒΒΑΤΟ-ΚΥΡΙΑΚΗ-Χ;Revenue;2025-07-01;2025-08-31;36;KTEL_S;Def;2743;1;236709663;236709663;236709663;26076.68;;;;;;;;18:10:00;18:10:00;N1407;OSETH;Def;3;3601;36;line36 (2025).xlsx;3601_2;line36 (2025)_Timetable_ΚΑΘΗΜΕΡΙΝΗ-ΣΑΒΒΑΤΟ-ΚΥΡΙΑΚΗ-Χ.csv;2743;S_Depot;2743;S_Depot
F1;;ΚΑΘΗΜΕΡΙΝΗ-ΣΑΒΒΑΤΟ-ΚΥΡΙΑΚΗ-Χ;Revenue;2025-07-01;2025-08-31;36K;KTEL_S;Def;2751;1;968960264;968960264;968960264;17512.9;;;;;;;;17:40:00;17:40:00;N1407;OSETH;Def;1;3602;36Κ;line36 (2025).xlsx;3602_2;line36 (2025)_Timetable_ΚΑΘΗΜΕΡΙΝΗ-ΣΑΒΒΑΤΟ-ΚΥΡΙΑΚΗ-Χ.csv;2751;S_Depot;2751;S_Depot
F1;;ΚΑΘΗΜΕΡΙΝΗ-ΣΑΒΒΑΤΟ-ΚΥΡΙΑΚΗ-Χ;Revenue;2025-07-01;2025-08-31;36K;KTEL_S;Def;2751;1;968960264;968960264;968960264;17512.9;;;;;;;;18:00:00;18:00:00;N36080;OSETH;Def;2;3602;36Κ;line36 (2025).xlsx;3602_2;line36 (2025)_Timetable_ΚΑΘΗΜΕΡΙΝΗ-ΣΑΒΒΑΤΟ-ΚΥΡΙΑΚΗ-Χ.csv;2751;S_Depot;2751;S_Depot
F1;;ΚΑΘΗΜΕΡΙΝΗ-ΣΑΒΒΑΤΟ-ΚΥΡΙΑΚΗ-Χ;Revenue;2025-07-01;2025-08-31;36K;KTEL_S;Def;2751;1;968960264;968960264;968960264;17512.9;;;;;;;;18:20:00;18:20:00;N1407;OSETH;Def;3;3602;36Κ;line36 (2025).xlsx;3602_2;line36 (2025)_Timetable_ΚΑΘΗΜΕΡΙΝΗ-ΣΑΒΒΑΤΟ-ΚΥΡΙΑΚΗ-Χ.csv;2751;S_Depot;2751;S_Depot
F1;;ΚΑΘΗΜΕΡΙΝΗ-ΣΑΒΒΑΤΟ-ΚΥΡΙΑΚΗ-Χ;Revenue;2025-07-01;2025-08-31;36E;KTEL_S;Def;2750;1;167951400;167951400;167951400;19054.65;;;;;;;;18:00:00;18:00:00;N1407;OSETH;Def;1;3603;36Ε;line36 (2025).xlsx;3603_2;line36 (2025)_Timetable_ΚΑΘΗΜΕΡΙΝΗ-ΣΑΒΒΑΤΟ-ΚΥΡΙΑΚΗ-Χ.csv;2750;S_Depot;2750;S_Depot
F1;;ΚΑΘΗΜΕΡΙΝΗ-ΣΑΒΒΑΤΟ-ΚΥΡΙΑΚΗ-Χ;Revenue;2025-07-01;2025-08-31;36E;KTEL_S;Def;2750;1;167951400;167951400;167951400;19054.65;;;;;;;;18:22:00;18:22:00;N15051;OSETH;Def;2;3603;36Ε;line36 (2025).xlsx;3603_2;line36 (2025)_Timetable_ΚΑΘΗΜΕΡΙΝΗ-ΣΑΒΒΑΤΟ-ΚΥΡΙΑΚΗ-Χ.csv;2750;S_Depot;2750;S_Depot
F1;;ΚΑΘΗΜΕΡΙΝΗ-ΣΑΒΒΑΤΟ-ΚΥΡΙΑΚΗ-Χ;Revenue;2025-07-01;2025-08-31;36E;KTEL_S;Def;2750;1;167951400;167951400;167951400;19054.65;;;;;;;;18:45:00;18:45:00;N1407;OSETH;Def;3;3603;36Ε;line36 (2025).xlsx;3603_2;line36 (2025)_Timetable_ΚΑΘΗΜΕΡΙΝΗ-ΣΑΒΒΑΤΟ-ΚΥΡΙΑΚΗ-Χ.csv;2750;S_Depot;2750;S_Depot
F1;;ΚΑΘΗΜΕΡΙΝΗ-ΣΑΒΒΑΤΟ-ΚΥΡΙΑΚΗ-Χ;Revenue;2025-07-01;2025-08-31;36;KTEL_S;Def;2743;1;198946084;198946084;198946084;26076.68;;;;;;;;18:20:00;18:20:00;N1407;OSETH;Def;1;3601;36;line36 (2025).xlsx;3601_2;line36 (2025)_Timetable_ΚΑΘΗΜΕΡΙΝΗ-ΣΑΒΒΑΤΟ-ΚΥΡΙΑΚΗ-Χ.csv;2743;S_Depot;2743;S_Depot
F1;;ΚΑΘΗΜΕΡΙΝΗ-ΣΑΒΒΑΤΟ-ΚΥΡΙΑΚΗ-Χ;Revenue;2025-07-01;2025-08-31;36;KTEL_S;Def;2743;1;198946084;198946084;198946084;26076.68;;;;;;;;18:50:00;18:50:00;N15094;OSETH;Def;2;3601;36;line36 (2025).xlsx;3601_2;line36 (2025)_Timetable_ΚΑΘΗΜΕΡΙΝΗ-ΣΑΒΒΑΤΟ-ΚΥΡΙΑΚΗ-Χ.csv;2743;S_Depot;2743;S_Depot
F1;;ΚΑΘΗΜΕΡΙΝΗ-ΣΑΒΒΑΤΟ-ΚΥΡΙΑΚΗ-Χ;Revenue;2025-07-01;2025-08-31;36;KTEL_S;Def;2743;1;198946084;198946084;198946084;26076.68;;;;;;;;19:20:00;19:20:00;N1407;OSETH;Def;3;3601;36;line36 (2025).xlsx;3601_2;line36 (2025)_Timetable_ΚΑΘΗΜΕΡΙΝΗ-ΣΑΒΒΑΤΟ-ΚΥΡΙΑΚΗ-Χ.csv;2743;S_Depot;2743;S_Depot
F1;;ΚΑΘΗΜΕΡΙΝΗ-ΣΑΒΒΑΤΟ-ΚΥΡΙΑΚΗ-Χ;Revenue;2025-07-01;2025-08-31;36K;KTEL_S;Def;2751;1;164723774;164723774;164723774;17512.9;;;;;;;;18:50:00;18:50:00;N1407;OSETH;Def;1;3602;36Κ;line36 (2025).xlsx;3602_2;line36 (2025)_Timetable_ΚΑΘΗΜΕΡΙΝΗ-ΣΑΒΒΑΤΟ-ΚΥΡΙΑΚΗ-Χ.csv;2751;S_Depot;2751;S_Depot
F1;;ΚΑΘΗΜΕΡΙΝΗ-ΣΑΒΒΑΤΟ-ΚΥΡΙΑΚΗ-Χ;Revenue;2025-07-01;2025-08-31;36K;KTEL_S;Def;2751;1;164723774;164723774;164723774;17512.9;;;;;;;;19:10:00;19:10:00;N36080;OSETH;Def;2;3602;36Κ;line36 (2025).xlsx;3602_2;line36 (2025)_Timetable_ΚΑΘΗΜΕΡΙΝΗ-ΣΑΒΒΑΤΟ-ΚΥΡΙΑΚΗ-Χ.csv;2751;S_Depot;2751;S_Depot
F1;;ΚΑΘΗΜΕΡΙΝΗ-ΣΑΒΒΑΤΟ-ΚΥΡΙΑΚΗ-Χ;Revenue;2025-07-01;2025-08-31;36K;KTEL_S;Def;2751;1;164723774;164723774;164723774;17512.9;;;;;;;;19:30:00;19:30:00;N1407;OSETH;Def;3;3602;36Κ;line36 (2025).xlsx;3602_2;line36 (2025)_Timetable_ΚΑΘΗΜΕΡΙΝΗ-ΣΑΒΒΑΤΟ-ΚΥΡΙΑΚΗ-Χ.csv;2751;S_Depot;2751;S_Depot
F1;;ΚΑΘΗΜΕΡΙΝΗ-ΣΑΒΒΑΤΟ-ΚΥΡΙΑΚΗ-Χ;Revenue;2025-07-01;2025-08-31;36K;KTEL_S;Def;2751;1;774215383;774215383;774215383;17512.9;;;;;;;;19:10:00;19:10:00;N1407;OSETH;Def;1;3603;36Κ;line36 (2025).xlsx;3603_2;line36 (2025)_Timetable_ΚΑΘΗΜΕΡΙΝΗ-ΣΑΒΒΑΤΟ-ΚΥΡΙΑΚΗ-Χ.csv;2751;S_Depot;2751;S_Depot
F1;;ΚΑΘΗΜΕΡΙΝΗ-ΣΑΒΒΑΤΟ-ΚΥΡΙΑΚΗ-Χ;Revenue;2025-07-01;2025-08-31;36K;KTEL_S;Def;2751;1;774215383;774215383;774215383;17512.9;;;;;;;;19:30:00;19:30:00;N36080;OSETH;Def;2;3603;36Κ;line36 (2025).xlsx;3603_2;line36 (2025)_Timetable_ΚΑΘΗΜΕΡΙΝΗ-ΣΑΒΒΑΤΟ-ΚΥΡΙΑΚΗ-Χ.csv;2751;S_Depot;2751;S_Depot
F1;;ΚΑΘΗΜΕΡΙΝΗ-ΣΑΒΒΑΤΟ-ΚΥΡΙΑΚΗ-Χ;Revenue;2025-07-01;2025-08-31;36K;KTEL_S;Def;2751;1;774215383;774215383;774215383;17512.9;;;;;;;;19:50:00;19:50:00;N1407;OSETH;Def;3;3603;36Κ;line36 (2025).xlsx;3603_2;line36 (2025)_Timetable_ΚΑΘΗΜΕΡΙΝΗ-ΣΑΒΒΑΤΟ-ΚΥΡΙΑΚΗ-Χ.csv;2751;S_Depot;2751;S_Depot
F1;;ΚΑΘΗΜΕΡΙΝΗ-ΣΑΒΒΑΤΟ-ΚΥΡΙΑΚΗ-Χ;Revenue;2025-07-01;2025-08-31;36;KTEL_S;Def;2743;1;813927502;813927502;813927502;26076.68;;;;;;;;19:25:00;19:25:00;N1407;OSETH;Def;1;3601;36;line36 (2025).xlsx;3601_2;line36 (2025)_Timetable_ΚΑΘΗΜΕΡΙΝΗ-ΣΑΒΒΑΤΟ-ΚΥΡΙΑΚΗ-Χ.csv;2743;S_Depot;2743;S_Depot
F1;;ΚΑΘΗΜΕΡΙΝΗ-ΣΑΒΒΑΤΟ-ΚΥΡΙΑΚΗ-Χ;Revenue;2025-07-01;2025-08-31;36;KTEL_S;Def;2743;1;813927502;813927502;813927502;26076.68;;;;;;;;19:55:00;19:55:00;N15094;OSETH;Def;2;3601;36;line36 (2025).xlsx;3601_2;line36 (2025)_Timetable_ΚΑΘΗΜΕΡΙΝΗ-ΣΑΒΒΑΤΟ-ΚΥΡΙΑΚΗ-Χ.csv;2743;S_Depot;2743;S_Depot
F1;;ΚΑΘΗΜΕΡΙΝΗ-ΣΑΒΒΑΤΟ-ΚΥΡΙΑΚΗ-Χ;Revenue;2025-07-01;2025-08-31;36;KTEL_S;Def;2743;1;813927502;813927502;813927502;26076.68;;;;;;;;20:25:00;20:25:00;N1407;OSETH;Def;3;3601;36;line36 (2025).xlsx;3601_2;line36 (2025)_Timetable_ΚΑΘΗΜΕΡΙΝΗ-ΣΑΒΒΑΤΟ-ΚΥΡΙΑΚΗ-Χ.csv;2743;S_Depot;2743;S_Depot
F1;;ΚΑΘΗΜΕΡΙΝΗ-ΣΑΒΒΑΤΟ-ΚΥΡΙΑΚΗ-Χ;Revenue;2025-07-01;2025-08-31;36K;KTEL_S;Def;2751;1;810156396;810156396;810156396;17512.9;;;;;;;;19:50:00;19:50:00;N1407;OSETH;Def;1;3602;36Κ;line36 (2025).xlsx;3602_2;line36 (2025)_Timetable_ΚΑΘΗΜΕΡΙΝΗ-ΣΑΒΒΑΤΟ-ΚΥΡΙΑΚΗ-Χ.csv;2751;S_Depot;2751;S_Depot
F1;;ΚΑΘΗΜΕΡΙΝΗ-ΣΑΒΒΑΤΟ-ΚΥΡΙΑΚΗ-Χ;Revenue;2025-07-01;2025-08-31;36K;KTEL_S;Def;2751;1;810156396;810156396;810156396;17512.9;;;;;;;;20:12:00;20:12:00;N36080;OSETH;Def;2;3602;36Κ;line36 (2025).xlsx;3602_2;line36 (2025)_Timetable_ΚΑΘΗΜΕΡΙΝΗ-ΣΑΒΒΑΤΟ-ΚΥΡΙΑΚΗ-Χ.csv;2751;S_Depot;2751;S_Depot
F1;;ΚΑΘΗΜΕΡΙΝΗ-ΣΑΒΒΑΤΟ-ΚΥΡΙΑΚΗ-Χ;Revenue;2025-07-01;2025-08-31;36K;KTEL_S;Def;2751;1;810156396;810156396;810156396;17512.9;;;;;;;;20:35:00;20:35:00;N1407;OSETH;Def;3;3602;36Κ;line36 (2025).xlsx;3602_2;line36 (2025)_Timetable_ΚΑΘΗΜΕΡΙΝΗ-ΣΑΒΒΑΤΟ-ΚΥΡΙΑΚΗ-Χ.csv;2751;S_Depot;2751;S_Depot
F1;;ΚΑΘΗΜΕΡΙΝΗ-ΣΑΒΒΑΤΟ-ΚΥΡΙΑΚΗ-Χ;Revenue;2025-07-01;2025-08-31;36E;KTEL_S;Def;2750;1;641185935;641185935;641185935;19054.65;;;;;;;;20:15:00;20:15:00;N1407;OSETH;Def;1;3603;36Ε;line36 (2025).xlsx;3603_2;line36 (2025)_Timetable_ΚΑΘΗΜΕΡΙΝΗ-ΣΑΒΒΑΤΟ-ΚΥΡΙΑΚΗ-Χ.csv;2750;S_Depot;2750;S_Depot
F1;;ΚΑΘΗΜΕΡΙΝΗ-ΣΑΒΒΑΤΟ-ΚΥΡΙΑΚΗ-Χ;Revenue;2025-07-01;2025-08-31;36E;KTEL_S;Def;2750;1;641185935;641185935;641185935;19054.65;;;;;;;;20:37:00;20:37:00;N15051;OSETH;Def;2;3603;36Ε;line36 (2025).xlsx;3603_2;line36 (2025)_Timetable_ΚΑΘΗΜΕΡΙΝΗ-ΣΑΒΒΑΤΟ-ΚΥΡΙΑΚΗ-Χ.csv;2750;S_Depot;2750;S_Depot
F1;;ΚΑΘΗΜΕΡΙΝΗ-ΣΑΒΒΑΤΟ-ΚΥΡΙΑΚΗ-Χ;Revenue;2025-07-01;2025-08-31;36E;KTEL_S;Def;2750;1;641185935;641185935;641185935;19054.65;;;;;;;;21:00:00;21:00:00;N1407;OSETH;Def;3;3603;36Ε;line36 (2025).xlsx;3603_2;line36 (2025)_Timetable_ΚΑΘΗΜΕΡΙΝΗ-ΣΑΒΒΑΤΟ-ΚΥΡΙΑΚΗ-Χ.csv;2750;S_Depot;2750;S_Depot
F1;;ΚΑΘΗΜΕΡΙΝΗ-ΣΑΒΒΑΤΟ-ΚΥΡΙΑΚΗ-Χ;Revenue;2025-07-01;2025-08-31;36Z;KTEL_S;Def;2756;1;617294819;617294819;617294819;27807.76;;;;;;;;20:45:00;20:45:00;N1407;OSETH;Def;1;3602;36Ζ;line36 (2025).xlsx;3602_2;line36 (2025)_Timetable_ΚΑΘΗΜΕΡΙΝΗ-ΣΑΒΒΑΤΟ-ΚΥΡΙΑΚΗ-Χ.csv;2756;S_Depot;2756;S_Depot
F1;;ΚΑΘΗΜΕΡΙΝΗ-ΣΑΒΒΑΤΟ-ΚΥΡΙΑΚΗ-Χ;Revenue;2025-07-01;2025-08-31;36Z;KTEL_S;Def;2756;1;617294819;617294819;617294819;27807.76;;;;;;;;21:17:00;21:17:00;N36079;OSETH;Def;2;3602;36Ζ;line36 (2025).xlsx;3602_2;line36 (2025)_Timetable_ΚΑΘΗΜΕΡΙΝΗ-ΣΑΒΒΑΤΟ-ΚΥΡΙΑΚΗ-Χ.csv;2756;S_Depot;2756;S_Depot
F1;;ΚΑΘΗΜΕΡΙΝΗ-ΣΑΒΒΑΤΟ-ΚΥΡΙΑΚΗ-Χ;Revenue;2025-07-01;2025-08-31;36Z;KTEL_S;Def;2756;1;617294819;617294819;617294819;27807.76;;;;;;;;21:50:00;21:50:00;N1407;OSETH;Def;3;3602;36Ζ;line36 (2025).xlsx;3602_2;line36 (2025)_Timetable_ΚΑΘΗΜΕΡΙΝΗ-ΣΑΒΒΑΤΟ-ΚΥΡΙΑΚΗ-Χ.csv;2756;S_Depot;2756;S_Depot
F1;;ΚΑΘΗΜΕΡΙΝΗ-ΣΑΒΒΑΤΟ-ΚΥΡΙΑΚΗ-Χ;Revenue;2025-07-01;2025-08-31;36N;KTEL_S;Def;2752;1;227647325;227647325;227647325;13051.94;;;;;;;;21:05:00;21:05:00;N1407;OSETH;Def;1;3603;36Ν;line36 (2025).xlsx;3603_2;line36 (2025)_Timetable_ΚΑΘΗΜΕΡΙΝΗ-ΣΑΒΒΑΤΟ-ΚΥΡΙΑΚΗ-Χ.csv;2752;S_Depot;2752;S_Depot
F1;;ΚΑΘΗΜΕΡΙΝΗ-ΣΑΒΒΑΤΟ-ΚΥΡΙΑΚΗ-Χ;Revenue;2025-07-01;2025-08-31;36N;KTEL_S;Def;2752;1;227647325;227647325;227647325;13051.94;;;;;;;;21:15:00;21:15:00;N1434;OSETH;Def;2;3603;36Ν;line36 (2025).xlsx;3603_2;line36 (2025)_Timetable_ΚΑΘΗΜΕΡΙΝΗ-ΣΑΒΒΑΤΟ-ΚΥΡΙΑΚΗ-Χ.csv;2752;S_Depot;2752;S_Depot
F1;;ΚΑΘΗΜΕΡΙΝΗ-ΣΑΒΒΑΤΟ-ΚΥΡΙΑΚΗ-Χ;Revenue;2025-07-01;2025-08-31;36N;KTEL_S;Def;2752;1;227647325;227647325;227647325;13051.94;;;;;;;;21:25:00;21:25:00;N1407;OSETH;Def;3;3603;36Ν;line36 (2025).xlsx;3603_2;line36 (2025)_Timetable_ΚΑΘΗΜΕΡΙΝΗ-ΣΑΒΒΑΤΟ-ΚΥΡΙΑΚΗ-Χ.csv;2752;S_Depot;2752;S_Depot
F1;;ΚΑΘΗΜΕΡΙΝΗ-ΣΑΒΒΑΤΟ-ΚΥΡΙΑΚΗ-Χ;Revenue;2025-07-01;2025-08-31;36B;KTEL_S;Def;2745;1;149773407;149773407;149773407;24172.69;;;;;;;;21:35:00;21:35:00;N1407;OSETH;Def;1;3603;36Β;line36 (2025).xlsx;3603_2;line36 (2025)_Timetable_ΚΑΘΗΜΕΡΙΝΗ-ΣΑΒΒΑΤΟ-ΚΥΡΙΑΚΗ-Χ.csv;2745;S_Depot;2745;S_Depot
F1;;ΚΑΘΗΜΕΡΙΝΗ-ΣΑΒΒΑΤΟ-ΚΥΡΙΑΚΗ-Χ;Revenue;2025-07-01;2025-08-31;36B;KTEL_S;Def;2745;1;149773407;149773407;149773407;24172.69;;;;;;;;22:00:00;22:00:00;N15094;OSETH;Def;2;3603;36Β;line36 (2025).xlsx;3603_2;line36 (2025)_Timetable_ΚΑΘΗΜΕΡΙΝΗ-ΣΑΒΒΑΤΟ-ΚΥΡΙΑΚΗ-Χ.csv;2745;S_Depot;2745;S_Depot
F1;;ΚΑΘΗΜΕΡΙΝΗ-ΣΑΒΒΑΤΟ-ΚΥΡΙΑΚΗ-Χ;Revenue;2025-07-01;2025-08-31;36B;KTEL_S;Def;2745;1;149773407;149773407;149773407;24172.69;;;;;;;;22:25:00;22:25:00;N1407;OSETH;Def;3;3603;36Β;line36 (2025).xlsx;3603_2;line36 (2025)_Timetable_ΚΑΘΗΜΕΡΙΝΗ-ΣΑΒΒΑΤΟ-ΚΥΡΙΑΚΗ-Χ.csv;2745;S_Depot;2745;S_Depot
F1;;ΚΑΘΗΜΕΡΙΝΗ-ΣΑΒΒΑΤΟ-ΚΥΡΙΑΚΗ-Χ;Revenue;2025-07-01;2025-08-31;36N;KTEL_S;Def;2752;1;126222219;126222219;126222219;13051.94;;;;;;;;22:00:00;22:00:00;N1407;OSETH;Def;1;3602;36Ν;line36 (2025).xlsx;3602_2;line36 (2025)_Timetable_ΚΑΘΗΜΕΡΙΝΗ-ΣΑΒΒΑΤΟ-ΚΥΡΙΑΚΗ-Χ.csv;2752;S_Depot;2752;S_Depot
F1;;ΚΑΘΗΜΕΡΙΝΗ-ΣΑΒΒΑΤΟ-ΚΥΡΙΑΚΗ-Χ;Revenue;2025-07-01;2025-08-31;36N;KTEL_S;Def;2752;1;126222219;126222219;126222219;13051.94;;;;;;;;22:10:00;22:10:00;N1434;OSETH;Def;2;3602;36Ν;line36 (2025).xlsx;3602_2;line36 (2025)_Timetable_ΚΑΘΗΜΕΡΙΝΗ-ΣΑΒΒΑΤΟ-ΚΥΡΙΑΚΗ-Χ.csv;2752;S_Depot;2752;S_Depot
F1;;ΚΑΘΗΜΕΡΙΝΗ-ΣΑΒΒΑΤΟ-ΚΥΡΙΑΚΗ-Χ;Revenue;2025-07-01;2025-08-31;36N;KTEL_S;Def;2752;1;126222219;126222219;126222219;13051.94;;;;;;;;22:20:00;22:20:00;N1407;OSETH;Def;3;3602;36Ν;line36 (2025).xlsx;3602_2;line36 (2025)_Timetable_ΚΑΘΗΜΕΡΙΝΗ-ΣΑΒΒΑΤΟ-ΚΥΡΙΑΚΗ-Χ.csv;2752;S_Depot;2752;S_Depot
F1;;ΚΑΘΗΜΕΡΙΝΗ-ΣΑΒΒΑΤΟ-ΚΥΡΙΑΚΗ-Χ;Revenue;2025-07-01;2025-08-31;36A;KTEL_S;Def;2744;1;419584529;419584529;419584529;21945.74;;;;;;;;22:40:00;22:40:00;N1407;OSETH;Def;1;3603;36Α;line36 (2025).xlsx;3603_2;line36 (2025)_Timetable_ΚΑΘΗΜΕΡΙΝΗ-ΣΑΒΒΑΤΟ-ΚΥΡΙΑΚΗ-Χ.csv;2744;S_Depot;2744;S_Depot
F1;;ΚΑΘΗΜΕΡΙΝΗ-ΣΑΒΒΑΤΟ-ΚΥΡΙΑΚΗ-Χ;Revenue;2025-07-01;2025-08-31;36A;KTEL_S;Def;2744;1;419584529;419584529;419584529;21945.74;;;;;;;;23:02:00;23:02:00;N36049;OSETH;Def;2;3603;36Α;line36 (2025).xlsx;3603_2;line36 (2025)_Timetable_ΚΑΘΗΜΕΡΙΝΗ-ΣΑΒΒΑΤΟ-ΚΥΡΙΑΚΗ-Χ.csv;2744;S_Depot;2744;S_Depot
F1;;ΚΑΘΗΜΕΡΙΝΗ-ΣΑΒΒΑΤΟ-ΚΥΡΙΑΚΗ-Χ;Revenue;2025-07-01;2025-08-31;36A;KTEL_S;Def;2744;1;419584529;419584529;419584529;21945.74;;;;;;;;23:25:00;23:25:00;N1407;OSETH;Def;3;3603;36Α;line36 (2025).xlsx;3603_2;line36 (2025)_Timetable_ΚΑΘΗΜΕΡΙΝΗ-ΣΑΒΒΑΤΟ-ΚΥΡΙΑΚΗ-Χ.csv;2744;S_Depot;2744;S_Depot
