SERVICELEVEL;CALENDAR;OPERATINGDAY;PIECETYPE;STARTINGDATE;ENDINGDATE;LINE;LINEBASIN;LINECOMPANY;PATTERN;DIRECTION;TRIPCODE;TRIPCOMPANYCODE;ACTIVITYNUMBER;LENGTH;VEHBLOCKID;DEPOT;VEHICLETYPE;VBLINE;VB_LINEBASIN;VB_LINECOMPANY;PIECEORDER;ARRIVALTIME;DEPARTURETIME;NODE;NODEBASIN;NODECOMPANY;PASSAGEORDER;BLOCK;LINE_EXCEL;EXCEL_NAME;DUTY;SOURCE_FILE;PATTERNCODE_x;correct_depot_x;PATTERNCODE_y;correct_depot_y;PATTERNCODE;correct_depot
F1;;ΚΑΘΗΜΕΡΙΝΗ-ΣΑΒΒΑΤΟ-ΚΥΡΙΑΚΗ-Χ;Revenue;2025-07-01;2025-08-31;36K;KTEL_S;Def;2751;1;751967637;751967637;751967637;17512.9;;;;;;;;05:15:00;05:15:00;N1407;OSETH;Def;1;3602;36Κ;line36 (2025).xlsx;3602_1;line36 (2025)_Timetable_ΚΑΘΗΜΕΡΙΝΗ-ΣΑΒΒΑΤΟ-ΚΥΡΙΑΚΗ-Χ.csv;2751;S_Depot;2751;S_Depot;2751;S_Depot
F1;;ΚΑΘΗΜΕΡΙΝΗ-ΣΑΒΒΑΤΟ-ΚΥΡΙΑΚΗ-Χ;Revenue;2025-07-01;2025-08-31;36K;KTEL_S;Def;2751;1;751967637;751967637;751967637;17512.9;;;;;;;;05:32:00;05:32:00;N36080;OSETH;Def;2;3602;36Κ;line36 (2025).xlsx;3602_1;line36 (2025)_Timetable_ΚΑΘΗΜΕΡΙΝΗ-ΣΑΒΒΑΤΟ-ΚΥΡΙΑΚΗ-Χ.csv;2751;S_Depot;2751;S_Depot;2751;S_Depot
F1;;ΚΑΘΗΜΕΡΙΝΗ-ΣΑΒΒΑΤΟ-ΚΥΡΙΑΚΗ-Χ;Revenue;2025-07-01;2025-08-31;36K;KTEL_S;Def;2751;1;751967637;751967637;751967637;17512.9;;;;;;;;05:49:00;05:49:00;N1407;OSETH;Def;3;3602;36Κ;line36 (2025).xlsx;3602_1;line36 (2025)_Timetable_ΚΑΘΗΜΕΡΙΝΗ-ΣΑΒΒΑΤΟ-ΚΥΡΙΑΚΗ-Χ.csv;2751;S_Depot;2751;S_Depot;2751;S_Depot
F1;;ΚΑΘΗΜΕΡΙΝΗ-ΣΑΒΒΑΤΟ-ΚΥΡΙΑΚΗ-Χ;Revenue;2025-07-01;2025-08-31;36K;KTEL_S;Def;2751;1;928704178;928704178;928704178;17512.9;;;;;;;;05:40:00;05:40:00;N1407;OSETH;Def;1;3601;36Κ;line36 (2025).xlsx;3601_1;line36 (2025)_Timetable_ΚΑΘΗΜΕΡΙΝΗ-ΣΑΒΒΑΤΟ-ΚΥΡΙΑΚΗ-Χ.csv;2751;S_Depot;2751;S_Depot;2751;S_Depot
F1;;ΚΑΘΗΜΕΡΙΝΗ-ΣΑΒΒΑΤΟ-ΚΥΡΙΑΚΗ-Χ;Revenue;2025-07-01;2025-08-31;36K;KTEL_S;Def;2751;1;928704178;928704178;928704178;17512.9;;;;;;;;06:00:00;06:00:00;N36080;OSETH;Def;2;3601;36Κ;line36 (2025).xlsx;3601_1;line36 (2025)_Timetable_ΚΑΘΗΜΕΡΙΝΗ-ΣΑΒΒΑΤΟ-ΚΥΡΙΑΚΗ-Χ.csv;2751;S_Depot;2751;S_Depot;2751;S_Depot
F1;;ΚΑΘΗΜΕΡΙΝΗ-ΣΑΒΒΑΤΟ-ΚΥΡΙΑΚΗ-Χ;Revenue;2025-07-01;2025-08-31;36K;KTEL_S;Def;2751;1;928704178;928704178;928704178;17512.9;;;;;;;;06:20:00;06:20:00;N1407;OSETH;Def;3;3601;36Κ;line36 (2025).xlsx;3601_1;line36 (2025)_Timetable_ΚΑΘΗΜΕΡΙΝΗ-ΣΑΒΒΑΤΟ-ΚΥΡΙΑΚΗ-Χ.csv;2751;S_Depot;2751;S_Depot;2751;S_Depot
F1;;ΚΑΘΗΜΕΡΙΝΗ-ΣΑΒΒΑΤΟ-ΚΥΡΙΑΚΗ-Χ;Revenue;2025-07-01;2025-08-31;36;KTEL_S;Def;2743;1;723729224;723729224;723729224;26076.68;;;;;;;;06:00:00;06:00:00;N1407;OSETH;Def;1;3602;36;line36 (2025).xlsx;3602_1;line36 (2025)_Timetable_ΚΑΘΗΜΕΡΙΝΗ-ΣΑΒΒΑΤΟ-ΚΥΡΙΑΚΗ-Χ.csv;2743;S_Depot;2743;S_Depot;2743;S_Depot
F1;;ΚΑΘΗΜΕΡΙΝΗ-ΣΑΒΒΑΤΟ-ΚΥΡΙΑΚΗ-Χ;Revenue;2025-07-01;2025-08-31;36;KTEL_S;Def;2743;1;723729224;723729224;723729224;26076.68;;;;;;;;06:30:00;06:30:00;N15094;OSETH;Def;2;3602;36;line36 (2025).xlsx;3602_1;line36 (2025)_Timetable_ΚΑΘΗΜΕΡΙΝΗ-ΣΑΒΒΑΤΟ-ΚΥΡΙΑΚΗ-Χ.csv;2743;S_Depot;2743;S_Depot;2743;S_Depot
F1;;ΚΑΘΗΜΕΡΙΝΗ-ΣΑΒΒΑΤΟ-ΚΥΡΙΑΚΗ-Χ;Revenue;2025-07-01;2025-08-31;36;KTEL_S;Def;2743;1;723729224;723729224;723729224;26076.68;;;;;;;;07:00:00;07:00:00;N1407;OSETH;Def;3;3602;36;line36 (2025).xlsx;3602_1;line36 (2025)_Timetable_ΚΑΘΗΜΕΡΙΝΗ-ΣΑΒΒΑΤΟ-ΚΥΡΙΑΚΗ-Χ.csv;2743;S_Depot;2743;S_Depot;2743;S_Depot
F1;;ΚΑΘΗΜΕΡΙΝΗ-ΣΑΒΒΑΤΟ-ΚΥΡΙΑΚΗ-Χ;Revenue;2025-07-01;2025-08-31;36K;KTEL_S;Def;2751;1;834278526;834278526;834278526;17512.9;;;;;;;;06:30:00;06:30:00;N1407;OSETH;Def;1;3601;36Κ;line36 (2025).xlsx;3601_1;line36 (2025)_Timetable_ΚΑΘΗΜΕΡΙΝΗ-ΣΑΒΒΑΤΟ-ΚΥΡΙΑΚΗ-Χ.csv;2751;S_Depot;2751;S_Depot;2751;S_Depot
F1;;ΚΑΘΗΜΕΡΙΝΗ-ΣΑΒΒΑΤΟ-ΚΥΡΙΑΚΗ-Χ;Revenue;2025-07-01;2025-08-31;36K;KTEL_S;Def;2751;1;834278526;834278526;834278526;17512.9;;;;;;;;06:50:00;06:50:00;N36080;OSETH;Def;2;3601;36Κ;line36 (2025).xlsx;3601_1;line36 (2025)_Timetable_ΚΑΘΗΜΕΡΙΝΗ-ΣΑΒΒΑΤΟ-ΚΥΡΙΑΚΗ-Χ.csv;2751;S_Depot;2751;S_Depot;2751;S_Depot
F1;;ΚΑΘΗΜΕΡΙΝΗ-ΣΑΒΒΑΤΟ-ΚΥΡΙΑΚΗ-Χ;Revenue;2025-07-01;2025-08-31;36K;KTEL_S;Def;2751;1;834278526;834278526;834278526;17512.9;;;;;;;;07:10:00;07:10:00;N1407;OSETH;Def;3;3601;36Κ;line36 (2025).xlsx;3601_1;line36 (2025)_Timetable_ΚΑΘΗΜΕΡΙΝΗ-ΣΑΒΒΑΤΟ-ΚΥΡΙΑΚΗ-Χ.csv;2751;S_Depot;2751;S_Depot;2751;S_Depot
F1;;ΚΑΘΗΜΕΡΙΝΗ-ΣΑΒΒΑΤΟ-ΚΥΡΙΑΚΗ-Χ;Revenue;2025-07-01;2025-08-31;36K;KTEL_S;Def;2751;1;844774773;844774773;844774773;17512.9;;;;;;;;06:55:00;06:55:00;N1407;OSETH;Def;1;3603;36Κ;line36 (2025).xlsx;3603_1;line36 (2025)_Timetable_ΚΑΘΗΜΕΡΙΝΗ-ΣΑΒΒΑΤΟ-ΚΥΡΙΑΚΗ-Χ.csv;2751;S_Depot;2751;S_Depot;2751;S_Depot
F1;;ΚΑΘΗΜΕΡΙΝΗ-ΣΑΒΒΑΤΟ-ΚΥΡΙΑΚΗ-Χ;Revenue;2025-07-01;2025-08-31;36K;KTEL_S;Def;2751;1;844774773;844774773;844774773;17512.9;;;;;;;;07:15:00;07:15:00;N36080;OSETH;Def;2;3603;36Κ;line36 (2025).xlsx;3603_1;line36 (2025)_Timetable_ΚΑΘΗΜΕΡΙΝΗ-ΣΑΒΒΑΤΟ-ΚΥΡΙΑΚΗ-Χ.csv;2751;S_Depot;2751;S_Depot;2751;S_Depot
F1;;ΚΑΘΗΜΕΡΙΝΗ-ΣΑΒΒΑΤΟ-ΚΥΡΙΑΚΗ-Χ;Revenue;2025-07-01;2025-08-31;36K;KTEL_S;Def;2751;1;844774773;844774773;844774773;17512.9;;;;;;;;07:35:00;07:35:00;N1407;OSETH;Def;3;3603;36Κ;line36 (2025).xlsx;3603_1;line36 (2025)_Timetable_ΚΑΘΗΜΕΡΙΝΗ-ΣΑΒΒΑΤΟ-ΚΥΡΙΑΚΗ-Χ.csv;2751;S_Depot;2751;S_Depot;2751;S_Depot
F1;;ΚΑΘΗΜΕΡΙΝΗ-ΣΑΒΒΑΤΟ-ΚΥΡΙΑΚΗ-Χ;Revenue;2025-07-01;2025-08-31;36;KTEL_S;Def;2743;1;663068359;663068359;663068359;26076.68;;;;;;;;07:05:00;07:05:00;N1407;OSETH;Def;1;3602;36;line36 (2025).xlsx;3602_1;line36 (2025)_Timetable_ΚΑΘΗΜΕΡΙΝΗ-ΣΑΒΒΑΤΟ-ΚΥΡΙΑΚΗ-Χ.csv;2743;S_Depot;2743;S_Depot;2743;S_Depot
F1;;ΚΑΘΗΜΕΡΙΝΗ-ΣΑΒΒΑΤΟ-ΚΥΡΙΑΚΗ-Χ;Revenue;2025-07-01;2025-08-31;36;KTEL_S;Def;2743;1;663068359;663068359;663068359;26076.68;;;;;;;;07:35:00;07:35:00;N15094;OSETH;Def;2;3602;36;line36 (2025).xlsx;3602_1;line36 (2025)_Timetable_ΚΑΘΗΜΕΡΙΝΗ-ΣΑΒΒΑΤΟ-ΚΥΡΙΑΚΗ-Χ.csv;2743;S_Depot;2743;S_Depot;2743;S_Depot
F1;;ΚΑΘΗΜΕΡΙΝΗ-ΣΑΒΒΑΤΟ-ΚΥΡΙΑΚΗ-Χ;Revenue;2025-07-01;2025-08-31;36;KTEL_S;Def;2743;1;663068359;663068359;663068359;26076.68;;;;;;;;08:05:00;08:05:00;N1407;OSETH;Def;3;3602;36;line36 (2025).xlsx;3602_1;line36 (2025)_Timetable_ΚΑΘΗΜΕΡΙΝΗ-ΣΑΒΒΑΤΟ-ΚΥΡΙΑΚΗ-Χ.csv;2743;S_Depot;2743;S_Depot;2743;S_Depot
F1;;ΚΑΘΗΜΕΡΙΝΗ-ΣΑΒΒΑΤΟ-ΚΥΡΙΑΚΗ-Χ;Revenue;2025-07-01;2025-08-31;36H;KTEL_S;Def;2749;1;914918069;914918069;914918069;19745.15;;;;;;;;07:35:00;07:35:00;N1407;OSETH;Def;1;3601;36Η;line36 (2025).xlsx;3601_1;line36 (2025)_Timetable_ΚΑΘΗΜΕΡΙΝΗ-ΣΑΒΒΑΤΟ-ΚΥΡΙΑΚΗ-Χ.csv;2749;S_Depot;2749;S_Depot;2749;S_Depot
F1;;ΚΑΘΗΜΕΡΙΝΗ-ΣΑΒΒΑΤΟ-ΚΥΡΙΑΚΗ-Χ;Revenue;2025-07-01;2025-08-31;36H;KTEL_S;Def;2749;1;914918069;914918069;914918069;19745.15;;;;;;;;07:57:00;07:57:00;N36174;OSETH;Def;2;3601;36Η;line36 (2025).xlsx;3601_1;line36 (2025)_Timetable_ΚΑΘΗΜΕΡΙΝΗ-ΣΑΒΒΑΤΟ-ΚΥΡΙΑΚΗ-Χ.csv;2749;S_Depot;2749;S_Depot;2749;S_Depot
F1;;ΚΑΘΗΜΕΡΙΝΗ-ΣΑΒΒΑΤΟ-ΚΥΡΙΑΚΗ-Χ;Revenue;2025-07-01;2025-08-31;36H;KTEL_S;Def;2749;1;914918069;914918069;914918069;19745.15;;;;;;;;08:20:00;08:20:00;N1407;OSETH;Def;3;3601;36Η;line36 (2025).xlsx;3601_1;line36 (2025)_Timetable_ΚΑΘΗΜΕΡΙΝΗ-ΣΑΒΒΑΤΟ-ΚΥΡΙΑΚΗ-Χ.csv;2749;S_Depot;2749;S_Depot;2749;S_Depot
F1;;ΚΑΘΗΜΕΡΙΝΗ-ΣΑΒΒΑΤΟ-ΚΥΡΙΑΚΗ-Χ;Revenue;2025-07-01;2025-08-31;36K;KTEL_S;Def;2751;1;296639426;296639426;296639426;17512.9;;;;;;;;07:55:00;07:55:00;N1407;OSETH;Def;1;3603;36Κ;line36 (2025).xlsx;3603_1;line36 (2025)_Timetable_ΚΑΘΗΜΕΡΙΝΗ-ΣΑΒΒΑΤΟ-ΚΥΡΙΑΚΗ-Χ.csv;2751;S_Depot;2751;S_Depot;2751;S_Depot
F1;;ΚΑΘΗΜΕΡΙΝΗ-ΣΑΒΒΑΤΟ-ΚΥΡΙΑΚΗ-Χ;Revenue;2025-07-01;2025-08-31;36K;KTEL_S;Def;2751;1;296639426;296639426;296639426;17512.9;;;;;;;;08:15:00;08:15:00;N36080;OSETH;Def;2;3603;36Κ;line36 (2025).xlsx;3603_1;line36 (2025)_Timetable_ΚΑΘΗΜΕΡΙΝΗ-ΣΑΒΒΑΤΟ-ΚΥΡΙΑΚΗ-Χ.csv;2751;S_Depot;2751;S_Depot;2751;S_Depot
F1;;ΚΑΘΗΜΕΡΙΝΗ-ΣΑΒΒΑΤΟ-ΚΥΡΙΑΚΗ-Χ;Revenue;2025-07-01;2025-08-31;36K;KTEL_S;Def;2751;1;296639426;296639426;296639426;17512.9;;;;;;;;08:35:00;08:35:00;N1407;OSETH;Def;3;3603;36Κ;line36 (2025).xlsx;3603_1;line36 (2025)_Timetable_ΚΑΘΗΜΕΡΙΝΗ-ΣΑΒΒΑΤΟ-ΚΥΡΙΑΚΗ-Χ.csv;2751;S_Depot;2751;S_Depot;2751;S_Depot
F1;;ΚΑΘΗΜΕΡΙΝΗ-ΣΑΒΒΑΤΟ-ΚΥΡΙΑΚΗ-Χ;Revenue;2025-07-01;2025-08-31;36;KTEL_S;Def;2743;1;992172063;992172063;992172063;26076.68;;;;;;;;08:10:00;08:10:00;N1407;OSETH;Def;1;3602;36;line36 (2025).xlsx;3602_1;line36 (2025)_Timetable_ΚΑΘΗΜΕΡΙΝΗ-ΣΑΒΒΑΤΟ-ΚΥΡΙΑΚΗ-Χ.csv;2743;S_Depot;2743;S_Depot;2743;S_Depot
F1;;ΚΑΘΗΜΕΡΙΝΗ-ΣΑΒΒΑΤΟ-ΚΥΡΙΑΚΗ-Χ;Revenue;2025-07-01;2025-08-31;36;KTEL_S;Def;2743;1;992172063;992172063;992172063;26076.68;;;;;;;;08:40:00;08:40:00;N15094;OSETH;Def;2;3602;36;line36 (2025).xlsx;3602_1;line36 (2025)_Timetable_ΚΑΘΗΜΕΡΙΝΗ-ΣΑΒΒΑΤΟ-ΚΥΡΙΑΚΗ-Χ.csv;2743;S_Depot;2743;S_Depot;2743;S_Depot
F1;;ΚΑΘΗΜΕΡΙΝΗ-ΣΑΒΒΑΤΟ-ΚΥΡΙΑΚΗ-Χ;Revenue;2025-07-01;2025-08-31;36;KTEL_S;Def;2743;1;992172063;992172063;992172063;26076.68;;;;;;;;09:10:00;09:10:00;N1407;OSETH;Def;3;3602;36;line36 (2025).xlsx;3602_1;line36 (2025)_Timetable_ΚΑΘΗΜΕΡΙΝΗ-ΣΑΒΒΑΤΟ-ΚΥΡΙΑΚΗ-Χ.csv;2743;S_Depot;2743;S_Depot;2743;S_Depot
F1;;ΚΑΘΗΜΕΡΙΝΗ-ΣΑΒΒΑΤΟ-ΚΥΡΙΑΚΗ-Χ;Revenue;2025-07-01;2025-08-31;36E;KTEL_S;Def;2750;1;523694570;523694570;523694570;19054.65;;;;;;;;08:35:00;08:35:00;N1407;OSETH;Def;1;3601;36Ε;line36 (2025).xlsx;3601_1;line36 (2025)_Timetable_ΚΑΘΗΜΕΡΙΝΗ-ΣΑΒΒΑΤΟ-ΚΥΡΙΑΚΗ-Χ.csv;2750;S_Depot;2750;S_Depot;2750;S_Depot
F1;;ΚΑΘΗΜΕΡΙΝΗ-ΣΑΒΒΑΤΟ-ΚΥΡΙΑΚΗ-Χ;Revenue;2025-07-01;2025-08-31;36E;KTEL_S;Def;2750;1;523694570;523694570;523694570;19054.65;;;;;;;;08:57:00;08:57:00;N15051;OSETH;Def;2;3601;36Ε;line36 (2025).xlsx;3601_1;line36 (2025)_Timetable_ΚΑΘΗΜΕΡΙΝΗ-ΣΑΒΒΑΤΟ-ΚΥΡΙΑΚΗ-Χ.csv;2750;S_Depot;2750;S_Depot;2750;S_Depot
F1;;ΚΑΘΗΜΕΡΙΝΗ-ΣΑΒΒΑΤΟ-ΚΥΡΙΑΚΗ-Χ;Revenue;2025-07-01;2025-08-31;36E;KTEL_S;Def;2750;1;523694570;523694570;523694570;19054.65;;;;;;;;09:20:00;09:20:00;N1407;OSETH;Def;3;3601;36Ε;line36 (2025).xlsx;3601_1;line36 (2025)_Timetable_ΚΑΘΗΜΕΡΙΝΗ-ΣΑΒΒΑΤΟ-ΚΥΡΙΑΚΗ-Χ.csv;2750;S_Depot;2750;S_Depot;2750;S_Depot
F1;;ΚΑΘΗΜΕΡΙΝΗ-ΣΑΒΒΑΤΟ-ΚΥΡΙΑΚΗ-Χ;Revenue;2025-07-01;2025-08-31;36K;KTEL_S;Def;2751;1;401470975;401470975;401470975;17512.9;;;;;;;;09:00:00;09:00:00;N1407;OSETH;Def;1;3603;36Κ;line36 (2025).xlsx;3603_1;line36 (2025)_Timetable_ΚΑΘΗΜΕΡΙΝΗ-ΣΑΒΒΑΤΟ-ΚΥΡΙΑΚΗ-Χ.csv;2751;S_Depot;2751;S_Depot;2751;S_Depot
F1;;ΚΑΘΗΜΕΡΙΝΗ-ΣΑΒΒΑΤΟ-ΚΥΡΙΑΚΗ-Χ;Revenue;2025-07-01;2025-08-31;36K;KTEL_S;Def;2751;1;401470975;401470975;401470975;17512.9;;;;;;;;09:20:00;09:20:00;N36080;OSETH;Def;2;3603;36Κ;line36 (2025).xlsx;3603_1;line36 (2025)_Timetable_ΚΑΘΗΜΕΡΙΝΗ-ΣΑΒΒΑΤΟ-ΚΥΡΙΑΚΗ-Χ.csv;2751;S_Depot;2751;S_Depot;2751;S_Depot
F1;;ΚΑΘΗΜΕΡΙΝΗ-ΣΑΒΒΑΤΟ-ΚΥΡΙΑΚΗ-Χ;Revenue;2025-07-01;2025-08-31;36K;KTEL_S;Def;2751;1;401470975;401470975;401470975;17512.9;;;;;;;;09:40:00;09:40:00;N1407;OSETH;Def;3;3603;36Κ;line36 (2025).xlsx;3603_1;line36 (2025)_Timetable_ΚΑΘΗΜΕΡΙΝΗ-ΣΑΒΒΑΤΟ-ΚΥΡΙΑΚΗ-Χ.csv;2751;S_Depot;2751;S_Depot;2751;S_Depot
F1;;ΚΑΘΗΜΕΡΙΝΗ-ΣΑΒΒΑΤΟ-ΚΥΡΙΑΚΗ-Χ;Revenue;2025-07-01;2025-08-31;36;KTEL_S;Def;2743;1;864363440;864363440;864363440;26076.68;;;;;;;;09:20:00;09:20:00;N1407;OSETH;Def;1;3601;36;line36 (2025).xlsx;3601_1;line36 (2025)_Timetable_ΚΑΘΗΜΕΡΙΝΗ-ΣΑΒΒΑΤΟ-ΚΥΡΙΑΚΗ-Χ.csv;2743;S_Depot;2743;S_Depot;2743;S_Depot
F1;;ΚΑΘΗΜΕΡΙΝΗ-ΣΑΒΒΑΤΟ-ΚΥΡΙΑΚΗ-Χ;Revenue;2025-07-01;2025-08-31;36;KTEL_S;Def;2743;1;864363440;864363440;864363440;26076.68;;;;;;;;09:50:00;09:50:00;N15094;OSETH;Def;2;3601;36;line36 (2025).xlsx;3601_1;line36 (2025)_Timetable_ΚΑΘΗΜΕΡΙΝΗ-ΣΑΒΒΑΤΟ-ΚΥΡΙΑΚΗ-Χ.csv;2743;S_Depot;2743;S_Depot;2743;S_Depot
F1;;ΚΑΘΗΜΕΡΙΝΗ-ΣΑΒΒΑΤΟ-ΚΥΡΙΑΚΗ-Χ;Revenue;2025-07-01;2025-08-31;36;KTEL_S;Def;2743;1;864363440;864363440;864363440;26076.68;;;;;;;;10:20:00;10:20:00;N1407;OSETH;Def;3;3601;36;line36 (2025).xlsx;3601_1;line36 (2025)_Timetable_ΚΑΘΗΜΕΡΙΝΗ-ΣΑΒΒΑΤΟ-ΚΥΡΙΑΚΗ-Χ.csv;2743;S_Depot;2743;S_Depot;2743;S_Depot
F1;;ΚΑΘΗΜΕΡΙΝΗ-ΣΑΒΒΑΤΟ-ΚΥΡΙΑΚΗ-Χ;Revenue;2025-07-01;2025-08-31;36T;KTEL_S;Def;2754;1;882764698;882764698;882764698;10332.5;;;;;;;;09:35:00;09:35:00;N1407;OSETH;Def;1;3602;36Τ;line36 (2025).xlsx;3602_1;line36 (2025)_Timetable_ΚΑΘΗΜΕΡΙΝΗ-ΣΑΒΒΑΤΟ-ΚΥΡΙΑΚΗ-Χ.csv;2754;S_Depot;2754;S_Depot;2754;S_Depot
F1;;ΚΑΘΗΜΕΡΙΝΗ-ΣΑΒΒΑΤΟ-ΚΥΡΙΑΚΗ-Χ;Revenue;2025-07-01;2025-08-31;36T;KTEL_S;Def;2754;1;882764698;882764698;882764698;10332.5;;;;;;;;09:45:00;09:45:00;N1434;OSETH;Def;2;3602;36Τ;line36 (2025).xlsx;3602_1;line36 (2025)_Timetable_ΚΑΘΗΜΕΡΙΝΗ-ΣΑΒΒΑΤΟ-ΚΥΡΙΑΚΗ-Χ.csv;2754;S_Depot;2754;S_Depot;2754;S_Depot
F1;;ΚΑΘΗΜΕΡΙΝΗ-ΣΑΒΒΑΤΟ-ΚΥΡΙΑΚΗ-Χ;Revenue;2025-07-01;2025-08-31;36T;KTEL_S;Def;2754;1;882764698;882764698;882764698;10332.5;;;;;;;;09:55:00;09:55:00;N1407;OSETH;Def;3;3602;36Τ;line36 (2025).xlsx;3602_1;line36 (2025)_Timetable_ΚΑΘΗΜΕΡΙΝΗ-ΣΑΒΒΑΤΟ-ΚΥΡΙΑΚΗ-Χ.csv;2754;S_Depot;2754;S_Depot;2754;S_Depot
F1;;ΚΑΘΗΜΕΡΙΝΗ-ΣΑΒΒΑΤΟ-ΚΥΡΙΑΚΗ-Χ;Revenue;2025-07-01;2025-08-31;36N;KTEL_S;Def;2752;1;242993101;242993101;242993101;13051.94;;;;;;;;09:45:00;09:45:00;N1407;OSETH;Def;1;3603;36Ν;line36 (2025).xlsx;3603_1;line36 (2025)_Timetable_ΚΑΘΗΜΕΡΙΝΗ-ΣΑΒΒΑΤΟ-ΚΥΡΙΑΚΗ-Χ.csv;2752;S_Depot;2752;S_Depot;2752;S_Depot
F1;;ΚΑΘΗΜΕΡΙΝΗ-ΣΑΒΒΑΤΟ-ΚΥΡΙΑΚΗ-Χ;Revenue;2025-07-01;2025-08-31;36N;KTEL_S;Def;2752;1;242993101;242993101;242993101;13051.94;;;;;;;;09:55:00;09:55:00;N1434;OSETH;Def;2;3603;36Ν;line36 (2025).xlsx;3603_1;line36 (2025)_Timetable_ΚΑΘΗΜΕΡΙΝΗ-ΣΑΒΒΑΤΟ-ΚΥΡΙΑΚΗ-Χ.csv;2752;S_Depot;2752;S_Depot;2752;S_Depot
F1;;ΚΑΘΗΜΕΡΙΝΗ-ΣΑΒΒΑΤΟ-ΚΥΡΙΑΚΗ-Χ;Revenue;2025-07-01;2025-08-31;36N;KTEL_S;Def;2752;1;242993101;242993101;242993101;13051.94;;;;;;;;10:05:00;10:05:00;N1407;OSETH;Def;3;3603;36Ν;line36 (2025).xlsx;3603_1;line36 (2025)_Timetable_ΚΑΘΗΜΕΡΙΝΗ-ΣΑΒΒΑΤΟ-ΚΥΡΙΑΚΗ-Χ.csv;2752;S_Depot;2752;S_Depot;2752;S_Depot
F1;;ΚΑΘΗΜΕΡΙΝΗ-ΣΑΒΒΑΤΟ-ΚΥΡΙΑΚΗ-Χ;Revenue;2025-07-01;2025-08-31;36K;KTEL_S;Def;2751;1;939036925;939036925;939036925;17512.9;;;;;;;;10:00:00;10:00:00;N1407;OSETH;Def;1;3602;36Κ;line36 (2025).xlsx;3602_1;line36 (2025)_Timetable_ΚΑΘΗΜΕΡΙΝΗ-ΣΑΒΒΑΤΟ-ΚΥΡΙΑΚΗ-Χ.csv;2751;S_Depot;2751;S_Depot;2751;S_Depot
F1;;ΚΑΘΗΜΕΡΙΝΗ-ΣΑΒΒΑΤΟ-ΚΥΡΙΑΚΗ-Χ;Revenue;2025-07-01;2025-08-31;36K;KTEL_S;Def;2751;1;939036925;939036925;939036925;17512.9;;;;;;;;10:20:00;10:20:00;N36080;OSETH;Def;2;3602;36Κ;line36 (2025).xlsx;3602_1;line36 (2025)_Timetable_ΚΑΘΗΜΕΡΙΝΗ-ΣΑΒΒΑΤΟ-ΚΥΡΙΑΚΗ-Χ.csv;2751;S_Depot;2751;S_Depot;2751;S_Depot
F1;;ΚΑΘΗΜΕΡΙΝΗ-ΣΑΒΒΑΤΟ-ΚΥΡΙΑΚΗ-Χ;Revenue;2025-07-01;2025-08-31;36K;KTEL_S;Def;2751;1;939036925;939036925;939036925;17512.9;;;;;;;;10:40:00;10:40:00;N1407;OSETH;Def;3;3602;36Κ;line36 (2025).xlsx;3602_1;line36 (2025)_Timetable_ΚΑΘΗΜΕΡΙΝΗ-ΣΑΒΒΑΤΟ-ΚΥΡΙΑΚΗ-Χ.csv;2751;S_Depot;2751;S_Depot;2751;S_Depot
F1;;ΚΑΘΗΜΕΡΙΝΗ-ΣΑΒΒΑΤΟ-ΚΥΡΙΑΚΗ-Χ;Revenue;2025-07-01;2025-08-31;36E;KTEL_S;Def;2750;1;521949028;521949028;521949028;19054.65;;;;;;;;10:15:00;10:15:00;N1407;OSETH;Def;1;3603;36Ε;line36 (2025).xlsx;3603_1;line36 (2025)_Timetable_ΚΑΘΗΜΕΡΙΝΗ-ΣΑΒΒΑΤΟ-ΚΥΡΙΑΚΗ-Χ.csv;2750;S_Depot;2750;S_Depot;2750;S_Depot
F1;;ΚΑΘΗΜΕΡΙΝΗ-ΣΑΒΒΑΤΟ-ΚΥΡΙΑΚΗ-Χ;Revenue;2025-07-01;2025-08-31;36E;KTEL_S;Def;2750;1;521949028;521949028;521949028;19054.65;;;;;;;;10:37:00;10:37:00;N15051;OSETH;Def;2;3603;36Ε;line36 (2025).xlsx;3603_1;line36 (2025)_Timetable_ΚΑΘΗΜΕΡΙΝΗ-ΣΑΒΒΑΤΟ-ΚΥΡΙΑΚΗ-Χ.csv;2750;S_Depot;2750;S_Depot;2750;S_Depot
F1;;ΚΑΘΗΜΕΡΙΝΗ-ΣΑΒΒΑΤΟ-ΚΥΡΙΑΚΗ-Χ;Revenue;2025-07-01;2025-08-31;36E;KTEL_S;Def;2750;1;521949028;521949028;521949028;19054.65;;;;;;;;11:00:00;11:00:00;N1407;OSETH;Def;3;3603;36Ε;line36 (2025).xlsx;3603_1;line36 (2025)_Timetable_ΚΑΘΗΜΕΡΙΝΗ-ΣΑΒΒΑΤΟ-ΚΥΡΙΑΚΗ-Χ.csv;2750;S_Depot;2750;S_Depot;2750;S_Depot
F1;;ΚΑΘΗΜΕΡΙΝΗ-ΣΑΒΒΑΤΟ-ΚΥΡΙΑΚΗ-Χ;Revenue;2025-07-01;2025-08-31;36;KTEL_S;Def;2743;1;302279715;302279715;302279715;26076.68;;;;;;;;10:25:00;10:25:00;N1407;OSETH;Def;1;3601;36;line36 (2025).xlsx;3601_1;line36 (2025)_Timetable_ΚΑΘΗΜΕΡΙΝΗ-ΣΑΒΒΑΤΟ-ΚΥΡΙΑΚΗ-Χ.csv;2743;S_Depot;2743;S_Depot;2743;S_Depot
F1;;ΚΑΘΗΜΕΡΙΝΗ-ΣΑΒΒΑΤΟ-ΚΥΡΙΑΚΗ-Χ;Revenue;2025-07-01;2025-08-31;36;KTEL_S;Def;2743;1;302279715;302279715;302279715;26076.68;;;;;;;;10:55:00;10:55:00;N15094;OSETH;Def;2;3601;36;line36 (2025).xlsx;3601_1;line36 (2025)_Timetable_ΚΑΘΗΜΕΡΙΝΗ-ΣΑΒΒΑΤΟ-ΚΥΡΙΑΚΗ-Χ.csv;2743;S_Depot;2743;S_Depot;2743;S_Depot
F1;;ΚΑΘΗΜΕΡΙΝΗ-ΣΑΒΒΑΤΟ-ΚΥΡΙΑΚΗ-Χ;Revenue;2025-07-01;2025-08-31;36;KTEL_S;Def;2743;1;302279715;302279715;302279715;26076.68;;;;;;;;11:25:00;11:25:00;N1407;OSETH;Def;3;3601;36;line36 (2025).xlsx;3601_1;line36 (2025)_Timetable_ΚΑΘΗΜΕΡΙΝΗ-ΣΑΒΒΑΤΟ-ΚΥΡΙΑΚΗ-Χ.csv;2743;S_Depot;2743;S_Depot;2743;S_Depot
F1;;ΚΑΘΗΜΕΡΙΝΗ-ΣΑΒΒΑΤΟ-ΚΥΡΙΑΚΗ-Χ;Revenue;2025-07-01;2025-08-31;36K;KTEL_S;Def;2751;1;259688899;259688899;259688899;17512.9;;;;;;;;10:50:00;10:50:00;N1407;OSETH;Def;1;3602;36Κ;line36 (2025).xlsx;3602_1;line36 (2025)_Timetable_ΚΑΘΗΜΕΡΙΝΗ-ΣΑΒΒΑΤΟ-ΚΥΡΙΑΚΗ-Χ.csv;2751;S_Depot;2751;S_Depot;2751;S_Depot
F1;;ΚΑΘΗΜΕΡΙΝΗ-ΣΑΒΒΑΤΟ-ΚΥΡΙΑΚΗ-Χ;Revenue;2025-07-01;2025-08-31;36K;KTEL_S;Def;2751;1;259688899;259688899;259688899;17512.9;;;;;;;;11:10:00;11:10:00;N36080;OSETH;Def;2;3602;36Κ;line36 (2025).xlsx;3602_1;line36 (2025)_Timetable_ΚΑΘΗΜΕΡΙΝΗ-ΣΑΒΒΑΤΟ-ΚΥΡΙΑΚΗ-Χ.csv;2751;S_Depot;2751;S_Depot;2751;S_Depot
F1;;ΚΑΘΗΜΕΡΙΝΗ-ΣΑΒΒΑΤΟ-ΚΥΡΙΑΚΗ-Χ;Revenue;2025-07-01;2025-08-31;36K;KTEL_S;Def;2751;1;259688899;259688899;259688899;17512.9;;;;;;;;11:30:00;11:30:00;N1407;OSETH;Def;3;3602;36Κ;line36 (2025).xlsx;3602_1;line36 (2025)_Timetable_ΚΑΘΗΜΕΡΙΝΗ-ΣΑΒΒΑΤΟ-ΚΥΡΙΑΚΗ-Χ.csv;2751;S_Depot;2751;S_Depot;2751;S_Depot
F1;;ΚΑΘΗΜΕΡΙΝΗ-ΣΑΒΒΑΤΟ-ΚΥΡΙΑΚΗ-Χ;Revenue;2025-07-01;2025-08-31;36K;KTEL_S;Def;2751;1;761574166;761574166;761574166;17512.9;;;;;;;;11:15:00;11:15:00;N1407;OSETH;Def;1;3603;36Κ;line36 (2025).xlsx;3603_1;line36 (2025)_Timetable_ΚΑΘΗΜΕΡΙΝΗ-ΣΑΒΒΑΤΟ-ΚΥΡΙΑΚΗ-Χ.csv;2751;S_Depot;2751;S_Depot;2751;S_Depot
F1;;ΚΑΘΗΜΕΡΙΝΗ-ΣΑΒΒΑΤΟ-ΚΥΡΙΑΚΗ-Χ;Revenue;2025-07-01;2025-08-31;36K;KTEL_S;Def;2751;1;761574166;761574166;761574166;17512.9;;;;;;;;11:35:00;11:35:00;N36080;OSETH;Def;2;3603;36Κ;line36 (2025).xlsx;3603_1;line36 (2025)_Timetable_ΚΑΘΗΜΕΡΙΝΗ-ΣΑΒΒΑΤΟ-ΚΥΡΙΑΚΗ-Χ.csv;2751;S_Depot;2751;S_Depot;2751;S_Depot
F1;;ΚΑΘΗΜΕΡΙΝΗ-ΣΑΒΒΑΤΟ-ΚΥΡΙΑΚΗ-Χ;Revenue;2025-07-01;2025-08-31;36K;KTEL_S;Def;2751;1;761574166;761574166;761574166;17512.9;;;;;;;;11:55:00;11:55:00;N1407;OSETH;Def;3;3603;36Κ;line36 (2025).xlsx;3603_1;line36 (2025)_Timetable_ΚΑΘΗΜΕΡΙΝΗ-ΣΑΒΒΑΤΟ-ΚΥΡΙΑΚΗ-Χ.csv;2751;S_Depot;2751;S_Depot;2751;S_Depot
F1;;ΚΑΘΗΜΕΡΙΝΗ-ΣΑΒΒΑΤΟ-ΚΥΡΙΑΚΗ-Χ;Revenue;2025-07-01;2025-08-31;36;KTEL_S;Def;2743;1;766850722;766850722;766850722;26076.68;;;;;;;;11:30:00;11:30:00;N1407;OSETH;Def;1;3601;36;line36 (2025).xlsx;3601_1;line36 (2025)_Timetable_ΚΑΘΗΜΕΡΙΝΗ-ΣΑΒΒΑΤΟ-ΚΥΡΙΑΚΗ-Χ.csv;2743;S_Depot;2743;S_Depot;2743;S_Depot
F1;;ΚΑΘΗΜΕΡΙΝΗ-ΣΑΒΒΑΤΟ-ΚΥΡΙΑΚΗ-Χ;Revenue;2025-07-01;2025-08-31;36;KTEL_S;Def;2743;1;766850722;766850722;766850722;26076.68;;;;;;;;12:00:00;12:00:00;N15094;OSETH;Def;2;3601;36;line36 (2025).xlsx;3601_1;line36 (2025)_Timetable_ΚΑΘΗΜΕΡΙΝΗ-ΣΑΒΒΑΤΟ-ΚΥΡΙΑΚΗ-Χ.csv;2743;S_Depot;2743;S_Depot;2743;S_Depot
F1;;ΚΑΘΗΜΕΡΙΝΗ-ΣΑΒΒΑΤΟ-ΚΥΡΙΑΚΗ-Χ;Revenue;2025-07-01;2025-08-31;36;KTEL_S;Def;2743;1;766850722;766850722;766850722;26076.68;;;;;;;;12:30:00;12:30:00;N1407;OSETH;Def;3;3601;36;line36 (2025).xlsx;3601_1;line36 (2025)_Timetable_ΚΑΘΗΜΕΡΙΝΗ-ΣΑΒΒΑΤΟ-ΚΥΡΙΑΚΗ-Χ.csv;2743;S_Depot;2743;S_Depot;2743;S_Depot
F1;;ΚΑΘΗΜΕΡΙΝΗ-ΣΑΒΒΑΤΟ-ΚΥΡΙΑΚΗ-Χ;Revenue;2025-07-01;2025-08-31;36E;KTEL_S;Def;2750;1;704572622;704572622;704572622;19054.65;;;;;;;;12:00:00;12:00:00;N1407;OSETH;Def;1;3602;36Ε;line36 (2025).xlsx;3602_1;line36 (2025)_Timetable_ΚΑΘΗΜΕΡΙΝΗ-ΣΑΒΒΑΤΟ-ΚΥΡΙΑΚΗ-Χ.csv;2750;S_Depot;2750;S_Depot;2750;S_Depot
F1;;ΚΑΘΗΜΕΡΙΝΗ-ΣΑΒΒΑΤΟ-ΚΥΡΙΑΚΗ-Χ;Revenue;2025-07-01;2025-08-31;36E;KTEL_S;Def;2750;1;704572622;704572622;704572622;19054.65;;;;;;;;12:22:00;12:22:00;N15051;OSETH;Def;2;3602;36Ε;line36 (2025).xlsx;3602_1;line36 (2025)_Timetable_ΚΑΘΗΜΕΡΙΝΗ-ΣΑΒΒΑΤΟ-ΚΥΡΙΑΚΗ-Χ.csv;2750;S_Depot;2750;S_Depot;2750;S_Depot
F1;;ΚΑΘΗΜΕΡΙΝΗ-ΣΑΒΒΑΤΟ-ΚΥΡΙΑΚΗ-Χ;Revenue;2025-07-01;2025-08-31;36E;KTEL_S;Def;2750;1;704572622;704572622;704572622;19054.65;;;;;;;;12:45:00;12:45:00;N1407;OSETH;Def;3;3602;36Ε;line36 (2025).xlsx;3602_1;line36 (2025)_Timetable_ΚΑΘΗΜΕΡΙΝΗ-ΣΑΒΒΑΤΟ-ΚΥΡΙΑΚΗ-Χ.csv;2750;S_Depot;2750;S_Depot;2750;S_Depot
F1;;ΚΑΘΗΜΕΡΙΝΗ-ΣΑΒΒΑΤΟ-ΚΥΡΙΑΚΗ-Χ;Revenue;2025-07-01;2025-08-31;36K;KTEL_S;Def;2751;1;726788033;726788033;726788033;17512.9;;;;;;;;12:20:00;12:20:00;N1407;OSETH;Def;1;3603;36Κ;line36 (2025).xlsx;3603_1;line36 (2025)_Timetable_ΚΑΘΗΜΕΡΙΝΗ-ΣΑΒΒΑΤΟ-ΚΥΡΙΑΚΗ-Χ.csv;2751;S_Depot;2751;S_Depot;2751;S_Depot
F1;;ΚΑΘΗΜΕΡΙΝΗ-ΣΑΒΒΑΤΟ-ΚΥΡΙΑΚΗ-Χ;Revenue;2025-07-01;2025-08-31;36K;KTEL_S;Def;2751;1;726788033;726788033;726788033;17512.9;;;;;;;;12:40:00;12:40:00;N36080;OSETH;Def;2;3603;36Κ;line36 (2025).xlsx;3603_1;line36 (2025)_Timetable_ΚΑΘΗΜΕΡΙΝΗ-ΣΑΒΒΑΤΟ-ΚΥΡΙΑΚΗ-Χ.csv;2751;S_Depot;2751;S_Depot;2751;S_Depot
F1;;ΚΑΘΗΜΕΡΙΝΗ-ΣΑΒΒΑΤΟ-ΚΥΡΙΑΚΗ-Χ;Revenue;2025-07-01;2025-08-31;36K;KTEL_S;Def;2751;1;726788033;726788033;726788033;17512.9;;;;;;;;13:00:00;13:00:00;N1407;OSETH;Def;3;3603;36Κ;line36 (2025).xlsx;3603_1;line36 (2025)_Timetable_ΚΑΘΗΜΕΡΙΝΗ-ΣΑΒΒΑΤΟ-ΚΥΡΙΑΚΗ-Χ.csv;2751;S_Depot;2751;S_Depot;2751;S_Depot
F1;;ΚΑΘΗΜΕΡΙΝΗ-ΣΑΒΒΑΤΟ-ΚΥΡΙΑΚΗ-Χ;Revenue;2025-07-01;2025-08-31;36;KTEL_S;Def;2743;1;238711889;238711889;238711889;26076.68;;;;;;;;12:35:00;12:35:00;N1407;OSETH;Def;1;3601;36;line36 (2025).xlsx;3601_2;line36 (2025)_Timetable_ΚΑΘΗΜΕΡΙΝΗ-ΣΑΒΒΑΤΟ-ΚΥΡΙΑΚΗ-Χ.csv;2743;S_Depot;2743;S_Depot;2743;S_Depot
F1;;ΚΑΘΗΜΕΡΙΝΗ-ΣΑΒΒΑΤΟ-ΚΥΡΙΑΚΗ-Χ;Revenue;2025-07-01;2025-08-31;36;KTEL_S;Def;2743;1;238711889;238711889;238711889;26076.68;;;;;;;;13:05:00;13:05:00;N15094;OSETH;Def;2;3601;36;line36 (2025).xlsx;3601_2;line36 (2025)_Timetable_ΚΑΘΗΜΕΡΙΝΗ-ΣΑΒΒΑΤΟ-ΚΥΡΙΑΚΗ-Χ.csv;2743;S_Depot;2743;S_Depot;2743;S_Depot
F1;;ΚΑΘΗΜΕΡΙΝΗ-ΣΑΒΒΑΤΟ-ΚΥΡΙΑΚΗ-Χ;Revenue;2025-07-01;2025-08-31;36;KTEL_S;Def;2743;1;238711889;238711889;238711889;26076.68;;;;;;;;13:35:00;13:35:00;N1407;OSETH;Def;3;3601;36;line36 (2025).xlsx;3601_2;line36 (2025)_Timetable_ΚΑΘΗΜΕΡΙΝΗ-ΣΑΒΒΑΤΟ-ΚΥΡΙΑΚΗ-Χ.csv;2743;S_Depot;2743;S_Depot;2743;S_Depot
F1;;ΚΑΘΗΜΕΡΙΝΗ-ΣΑΒΒΑΤΟ-ΚΥΡΙΑΚΗ-Χ;Revenue;2025-07-01;2025-08-31;36K;KTEL_S;Def;2751;1;405491570;405491570;405491570;17512.9;;;;;;;;13:05:00;13:05:00;N1407;OSETH;Def;1;3602;36Κ;line36 (2025).xlsx;3602_1;line36 (2025)_Timetable_ΚΑΘΗΜΕΡΙΝΗ-ΣΑΒΒΑΤΟ-ΚΥΡΙΑΚΗ-Χ.csv;2751;S_Depot;2751;S_Depot;2751;S_Depot
F1;;ΚΑΘΗΜΕΡΙΝΗ-ΣΑΒΒΑΤΟ-ΚΥΡΙΑΚΗ-Χ;Revenue;2025-07-01;2025-08-31;36K;KTEL_S;Def;2751;1;405491570;405491570;405491570;17512.9;;;;;;;;13:25:00;13:25:00;N36080;OSETH;Def;2;3602;36Κ;line36 (2025).xlsx;3602_1;line36 (2025)_Timetable_ΚΑΘΗΜΕΡΙΝΗ-ΣΑΒΒΑΤΟ-ΚΥΡΙΑΚΗ-Χ.csv;2751;S_Depot;2751;S_Depot;2751;S_Depot
F1;;ΚΑΘΗΜΕΡΙΝΗ-ΣΑΒΒΑΤΟ-ΚΥΡΙΑΚΗ-Χ;Revenue;2025-07-01;2025-08-31;36K;KTEL_S;Def;2751;1;405491570;405491570;405491570;17512.9;;;;;;;;13:45:00;13:45:00;N1407;OSETH;Def;3;3602;36Κ;line36 (2025).xlsx;3602_1;line36 (2025)_Timetable_ΚΑΘΗΜΕΡΙΝΗ-ΣΑΒΒΑΤΟ-ΚΥΡΙΑΚΗ-Χ.csv;2751;S_Depot;2751;S_Depot;2751;S_Depot
F1;;ΚΑΘΗΜΕΡΙΝΗ-ΣΑΒΒΑΤΟ-ΚΥΡΙΑΚΗ-Χ;Revenue;2025-07-01;2025-08-31;36K;KTEL_S;Def;2751;1;330395230;330395230;330395230;17512.9;;;;;;;;13:25:00;13:25:00;N1407;OSETH;Def;1;3603;36Κ;line36 (2025).xlsx;3603_1;line36 (2025)_Timetable_ΚΑΘΗΜΕΡΙΝΗ-ΣΑΒΒΑΤΟ-ΚΥΡΙΑΚΗ-Χ.csv;2751;S_Depot;2751;S_Depot;2751;S_Depot
F1;;ΚΑΘΗΜΕΡΙΝΗ-ΣΑΒΒΑΤΟ-ΚΥΡΙΑΚΗ-Χ;Revenue;2025-07-01;2025-08-31;36K;KTEL_S;Def;2751;1;330395230;330395230;330395230;17512.9;;;;;;;;13:45:00;13:45:00;N36080;OSETH;Def;2;3603;36Κ;line36 (2025).xlsx;3603_1;line36 (2025)_Timetable_ΚΑΘΗΜΕΡΙΝΗ-ΣΑΒΒΑΤΟ-ΚΥΡΙΑΚΗ-Χ.csv;2751;S_Depot;2751;S_Depot;2751;S_Depot
F1;;ΚΑΘΗΜΕΡΙΝΗ-ΣΑΒΒΑΤΟ-ΚΥΡΙΑΚΗ-Χ;Revenue;2025-07-01;2025-08-31;36K;KTEL_S;Def;2751;1;330395230;330395230;330395230;17512.9;;;;;;;;14:05:00;14:05:00;N1407;OSETH;Def;3;3603;36Κ;line36 (2025).xlsx;3603_1;line36 (2025)_Timetable_ΚΑΘΗΜΕΡΙΝΗ-ΣΑΒΒΑΤΟ-ΚΥΡΙΑΚΗ-Χ.csv;2751;S_Depot;2751;S_Depot;2751;S_Depot
F1;;ΚΑΘΗΜΕΡΙΝΗ-ΣΑΒΒΑΤΟ-ΚΥΡΙΑΚΗ-Χ;Revenue;2025-07-01;2025-08-31;36;KTEL_S;Def;2743;1;344139878;344139878;344139878;26076.68;;;;;;;;13:40:00;13:40:00;N1407;OSETH;Def;1;3601;36;line36 (2025).xlsx;3601_2;line36 (2025)_Timetable_ΚΑΘΗΜΕΡΙΝΗ-ΣΑΒΒΑΤΟ-ΚΥΡΙΑΚΗ-Χ.csv;2743;S_Depot;2743;S_Depot;2743;S_Depot
F1;;ΚΑΘΗΜΕΡΙΝΗ-ΣΑΒΒΑΤΟ-ΚΥΡΙΑΚΗ-Χ;Revenue;2025-07-01;2025-08-31;36;KTEL_S;Def;2743;1;344139878;344139878;344139878;26076.68;;;;;;;;14:10:00;14:10:00;N15094;OSETH;Def;2;3601;36;line36 (2025).xlsx;3601_2;line36 (2025)_Timetable_ΚΑΘΗΜΕΡΙΝΗ-ΣΑΒΒΑΤΟ-ΚΥΡΙΑΚΗ-Χ.csv;2743;S_Depot;2743;S_Depot;2743;S_Depot
F1;;ΚΑΘΗΜΕΡΙΝΗ-ΣΑΒΒΑΤΟ-ΚΥΡΙΑΚΗ-Χ;Revenue;2025-07-01;2025-08-31;36;KTEL_S;Def;2743;1;344139878;344139878;344139878;26076.68;;;;;;;;14:40:00;14:40:00;N1407;OSETH;Def;3;3601;36;line36 (2025).xlsx;3601_2;line36 (2025)_Timetable_ΚΑΘΗΜΕΡΙΝΗ-ΣΑΒΒΑΤΟ-ΚΥΡΙΑΚΗ-Χ.csv;2743;S_Depot;2743;S_Depot;2743;S_Depot
F1;;ΚΑΘΗΜΕΡΙΝΗ-ΣΑΒΒΑΤΟ-ΚΥΡΙΑΚΗ-Χ;Revenue;2025-07-01;2025-08-31;36K;KTEL_S;Def;2751;1;714011217;714011217;714011217;17512.9;;;;;;;;14:10:00;14:10:00;N1407;OSETH;Def;1;3602;36Κ;line36 (2025).xlsx;3602_2;line36 (2025)_Timetable_ΚΑΘΗΜΕΡΙΝΗ-ΣΑΒΒΑΤΟ-ΚΥΡΙΑΚΗ-Χ.csv;2751;S_Depot;2751;S_Depot;2751;S_Depot
F1;;ΚΑΘΗΜΕΡΙΝΗ-ΣΑΒΒΑΤΟ-ΚΥΡΙΑΚΗ-Χ;Revenue;2025-07-01;2025-08-31;36K;KTEL_S;Def;2751;1;714011217;714011217;714011217;17512.9;;;;;;;;14:30:00;14:30:00;N36080;OSETH;Def;2;3602;36Κ;line36 (2025).xlsx;3602_2;line36 (2025)_Timetable_ΚΑΘΗΜΕΡΙΝΗ-ΣΑΒΒΑΤΟ-ΚΥΡΙΑΚΗ-Χ.csv;2751;S_Depot;2751;S_Depot;2751;S_Depot
F1;;ΚΑΘΗΜΕΡΙΝΗ-ΣΑΒΒΑΤΟ-ΚΥΡΙΑΚΗ-Χ;Revenue;2025-07-01;2025-08-31;36K;KTEL_S;Def;2751;1;714011217;714011217;714011217;17512.9;;;;;;;;14:50:00;14:50:00;N1407;OSETH;Def;3;3602;36Κ;line36 (2025).xlsx;3602_2;line36 (2025)_Timetable_ΚΑΘΗΜΕΡΙΝΗ-ΣΑΒΒΑΤΟ-ΚΥΡΙΑΚΗ-Χ.csv;2751;S_Depot;2751;S_Depot;2751;S_Depot
F1;;ΚΑΘΗΜΕΡΙΝΗ-ΣΑΒΒΑΤΟ-ΚΥΡΙΑΚΗ-Χ;Revenue;2025-07-01;2025-08-31;36K;KTEL_S;Def;2751;1;458858409;458858409;458858409;17512.9;;;;;;;;14:30:00;14:30:00;N1407;OSETH;Def;1;3603;36Κ;line36 (2025).xlsx;3603_1;line36 (2025)_Timetable_ΚΑΘΗΜΕΡΙΝΗ-ΣΑΒΒΑΤΟ-ΚΥΡΙΑΚΗ-Χ.csv;2751;S_Depot;2751;S_Depot;2751;S_Depot
F1;;ΚΑΘΗΜΕΡΙΝΗ-ΣΑΒΒΑΤΟ-ΚΥΡΙΑΚΗ-Χ;Revenue;2025-07-01;2025-08-31;36K;KTEL_S;Def;2751;1;458858409;458858409;458858409;17512.9;;;;;;;;14:50:00;14:50:00;N36080;OSETH;Def;2;3603;36Κ;line36 (2025).xlsx;3603_1;line36 (2025)_Timetable_ΚΑΘΗΜΕΡΙΝΗ-ΣΑΒΒΑΤΟ-ΚΥΡΙΑΚΗ-Χ.csv;2751;S_Depot;2751;S_Depot;2751;S_Depot
F1;;ΚΑΘΗΜΕΡΙΝΗ-ΣΑΒΒΑΤΟ-ΚΥΡΙΑΚΗ-Χ;Revenue;2025-07-01;2025-08-31;36K;KTEL_S;Def;2751;1;458858409;458858409;458858409;17512.9;;;;;;;;15:10:00;15:10:00;N1407;OSETH;Def;3;3603;36Κ;line36 (2025).xlsx;3603_1;line36 (2025)_Timetable_ΚΑΘΗΜΕΡΙΝΗ-ΣΑΒΒΑΤΟ-ΚΥΡΙΑΚΗ-Χ.csv;2751;S_Depot;2751;S_Depot;2751;S_Depot
F1;;ΚΑΘΗΜΕΡΙΝΗ-ΣΑΒΒΑΤΟ-ΚΥΡΙΑΚΗ-Χ;Revenue;2025-07-01;2025-08-31;36;KTEL_S;Def;2743;1;121958269;121958269;121958269;26076.68;;;;;;;;14:45:00;14:45:00;N1407;OSETH;Def;1;3601;36;line36 (2025).xlsx;3601_2;line36 (2025)_Timetable_ΚΑΘΗΜΕΡΙΝΗ-ΣΑΒΒΑΤΟ-ΚΥΡΙΑΚΗ-Χ.csv;2743;S_Depot;2743;S_Depot;2743;S_Depot
F1;;ΚΑΘΗΜΕΡΙΝΗ-ΣΑΒΒΑΤΟ-ΚΥΡΙΑΚΗ-Χ;Revenue;2025-07-01;2025-08-31;36;KTEL_S;Def;2743;1;121958269;121958269;121958269;26076.68;;;;;;;;15:15:00;15:15:00;N15094;OSETH;Def;2;3601;36;line36 (2025).xlsx;3601_2;line36 (2025)_Timetable_ΚΑΘΗΜΕΡΙΝΗ-ΣΑΒΒΑΤΟ-ΚΥΡΙΑΚΗ-Χ.csv;2743;S_Depot;2743;S_Depot;2743;S_Depot
F1;;ΚΑΘΗΜΕΡΙΝΗ-ΣΑΒΒΑΤΟ-ΚΥΡΙΑΚΗ-Χ;Revenue;2025-07-01;2025-08-31;36;KTEL_S;Def;2743;1;121958269;121958269;121958269;26076.68;;;;;;;;15:45:00;15:45:00;N1407;OSETH;Def;3;3601;36;line36 (2025).xlsx;3601_2;line36 (2025)_Timetable_ΚΑΘΗΜΕΡΙΝΗ-ΣΑΒΒΑΤΟ-ΚΥΡΙΑΚΗ-Χ.csv;2743;S_Depot;2743;S_Depot;2743;S_Depot
F1;;ΚΑΘΗΜΕΡΙΝΗ-ΣΑΒΒΑΤΟ-ΚΥΡΙΑΚΗ-Χ;Revenue;2025-07-01;2025-08-31;36T;KTEL_S;Def;2754;1;743362677;743362677;743362677;10332.5;;;;;;;;15:00:00;15:00:00;N1407;OSETH;Def;1;3602;36Τ;line36 (2025).xlsx;3602_2;line36 (2025)_Timetable_ΚΑΘΗΜΕΡΙΝΗ-ΣΑΒΒΑΤΟ-ΚΥΡΙΑΚΗ-Χ.csv;2754;S_Depot;2754;S_Depot;2754;S_Depot
F1;;ΚΑΘΗΜΕΡΙΝΗ-ΣΑΒΒΑΤΟ-ΚΥΡΙΑΚΗ-Χ;Revenue;2025-07-01;2025-08-31;36T;KTEL_S;Def;2754;1;743362677;743362677;743362677;10332.5;;;;;;;;15:10:00;15:10:00;N1434;OSETH;Def;2;3602;36Τ;line36 (2025).xlsx;3602_2;line36 (2025)_Timetable_ΚΑΘΗΜΕΡΙΝΗ-ΣΑΒΒΑΤΟ-ΚΥΡΙΑΚΗ-Χ.csv;2754;S_Depot;2754;S_Depot;2754;S_Depot
F1;;ΚΑΘΗΜΕΡΙΝΗ-ΣΑΒΒΑΤΟ-ΚΥΡΙΑΚΗ-Χ;Revenue;2025-07-01;2025-08-31;36T;KTEL_S;Def;2754;1;743362677;743362677;743362677;10332.5;;;;;;;;15:20:00;15:20:00;N1407;OSETH;Def;3;3602;36Τ;line36 (2025).xlsx;3602_2;line36 (2025)_Timetable_ΚΑΘΗΜΕΡΙΝΗ-ΣΑΒΒΑΤΟ-ΚΥΡΙΑΚΗ-Χ.csv;2754;S_Depot;2754;S_Depot;2754;S_Depot
F1;;ΚΑΘΗΜΕΡΙΝΗ-ΣΑΒΒΑΤΟ-ΚΥΡΙΑΚΗ-Χ;Revenue;2025-07-01;2025-08-31;36K;KTEL_S;Def;2751;1;299979783;299979783;299979783;17512.9;;;;;;;;15:20:00;15:20:00;N1407;OSETH;Def;1;3602;36Κ;line36 (2025).xlsx;3602_2;line36 (2025)_Timetable_ΚΑΘΗΜΕΡΙΝΗ-ΣΑΒΒΑΤΟ-ΚΥΡΙΑΚΗ-Χ.csv;2751;S_Depot;2751;S_Depot;2751;S_Depot
F1;;ΚΑΘΗΜΕΡΙΝΗ-ΣΑΒΒΑΤΟ-ΚΥΡΙΑΚΗ-Χ;Revenue;2025-07-01;2025-08-31;36K;KTEL_S;Def;2751;1;299979783;299979783;299979783;17512.9;;;;;;;;15:40:00;15:40:00;N36080;OSETH;Def;2;3602;36Κ;line36 (2025).xlsx;3602_2;line36 (2025)_Timetable_ΚΑΘΗΜΕΡΙΝΗ-ΣΑΒΒΑΤΟ-ΚΥΡΙΑΚΗ-Χ.csv;2751;S_Depot;2751;S_Depot;2751;S_Depot
F1;;ΚΑΘΗΜΕΡΙΝΗ-ΣΑΒΒΑΤΟ-ΚΥΡΙΑΚΗ-Χ;Revenue;2025-07-01;2025-08-31;36K;KTEL_S;Def;2751;1;299979783;299979783;299979783;17512.9;;;;;;;;16:00:00;16:00:00;N1407;OSETH;Def;3;3602;36Κ;line36 (2025).xlsx;3602_2;line36 (2025)_Timetable_ΚΑΘΗΜΕΡΙΝΗ-ΣΑΒΒΑΤΟ-ΚΥΡΙΑΚΗ-Χ.csv;2751;S_Depot;2751;S_Depot;2751;S_Depot
F1;;ΚΑΘΗΜΕΡΙΝΗ-ΣΑΒΒΑΤΟ-ΚΥΡΙΑΚΗ-Χ;Revenue;2025-07-01;2025-08-31;36;KTEL_S;Def;2743;1;239391154;239391154;239391154;26076.68;;;;;;;;15:35:00;15:35:00;N1407;OSETH;Def;1;3603;36;line36 (2025).xlsx;3603_2;line36 (2025)_Timetable_ΚΑΘΗΜΕΡΙΝΗ-ΣΑΒΒΑΤΟ-ΚΥΡΙΑΚΗ-Χ.csv;2743;S_Depot;2743;S_Depot;2743;S_Depot
F1;;ΚΑΘΗΜΕΡΙΝΗ-ΣΑΒΒΑΤΟ-ΚΥΡΙΑΚΗ-Χ;Revenue;2025-07-01;2025-08-31;36;KTEL_S;Def;2743;1;239391154;239391154;239391154;26076.68;;;;;;;;16:05:00;16:05:00;N15094;OSETH;Def;2;3603;36;line36 (2025).xlsx;3603_2;line36 (2025)_Timetable_ΚΑΘΗΜΕΡΙΝΗ-ΣΑΒΒΑΤΟ-ΚΥΡΙΑΚΗ-Χ.csv;2743;S_Depot;2743;S_Depot;2743;S_Depot
F1;;ΚΑΘΗΜΕΡΙΝΗ-ΣΑΒΒΑΤΟ-ΚΥΡΙΑΚΗ-Χ;Revenue;2025-07-01;2025-08-31;36;KTEL_S;Def;2743;1;239391154;239391154;239391154;26076.68;;;;;;;;16:35:00;16:35:00;N1407;OSETH;Def;3;3603;36;line36 (2025).xlsx;3603_2;line36 (2025)_Timetable_ΚΑΘΗΜΕΡΙΝΗ-ΣΑΒΒΑΤΟ-ΚΥΡΙΑΚΗ-Χ.csv;2743;S_Depot;2743;S_Depot;2743;S_Depot
F1;;ΚΑΘΗΜΕΡΙΝΗ-ΣΑΒΒΑΤΟ-ΚΥΡΙΑΚΗ-Χ;Revenue;2025-07-01;2025-08-31;36E;KTEL_S;Def;2750;1;564170813;564170813;564170813;19054.65;;;;;;;;15:50:00;15:50:00;N1407;OSETH;Def;1;3601;36Ε;line36 (2025).xlsx;3601_2;line36 (2025)_Timetable_ΚΑΘΗΜΕΡΙΝΗ-ΣΑΒΒΑΤΟ-ΚΥΡΙΑΚΗ-Χ.csv;2750;S_Depot;2750;S_Depot;2750;S_Depot
F1;;ΚΑΘΗΜΕΡΙΝΗ-ΣΑΒΒΑΤΟ-ΚΥΡΙΑΚΗ-Χ;Revenue;2025-07-01;2025-08-31;36E;KTEL_S;Def;2750;1;564170813;564170813;564170813;19054.65;;;;;;;;16:12:00;16:12:00;N15051;OSETH;Def;2;3601;36Ε;line36 (2025).xlsx;3601_2;line36 (2025)_Timetable_ΚΑΘΗΜΕΡΙΝΗ-ΣΑΒΒΑΤΟ-ΚΥΡΙΑΚΗ-Χ.csv;2750;S_Depot;2750;S_Depot;2750;S_Depot
F1;;ΚΑΘΗΜΕΡΙΝΗ-ΣΑΒΒΑΤΟ-ΚΥΡΙΑΚΗ-Χ;Revenue;2025-07-01;2025-08-31;36E;KTEL_S;Def;2750;1;564170813;564170813;564170813;19054.65;;;;;;;;16:35:00;16:35:00;N1407;OSETH;Def;3;3601;36Ε;line36 (2025).xlsx;3601_2;line36 (2025)_Timetable_ΚΑΘΗΜΕΡΙΝΗ-ΣΑΒΒΑΤΟ-ΚΥΡΙΑΚΗ-Χ.csv;2750;S_Depot;2750;S_Depot;2750;S_Depot
F1;;ΚΑΘΗΜΕΡΙΝΗ-ΣΑΒΒΑΤΟ-ΚΥΡΙΑΚΗ-Χ;Revenue;2025-07-01;2025-08-31;36H;KTEL_S;Def;2748;1;808130173;808130173;808130173;19759.73;;;;;;;;16:15:00;16:15:00;N1407;OSETH;Def;1;3602;36Η;line36 (2025).xlsx;3602_2;line36 (2025)_Timetable_ΚΑΘΗΜΕΡΙΝΗ-ΣΑΒΒΑΤΟ-ΚΥΡΙΑΚΗ-Χ.csv;2748;S_Depot;2748;S_Depot;2748;S_Depot
F1;;ΚΑΘΗΜΕΡΙΝΗ-ΣΑΒΒΑΤΟ-ΚΥΡΙΑΚΗ-Χ;Revenue;2025-07-01;2025-08-31;36H;KTEL_S;Def;2748;1;808130173;808130173;808130173;19759.73;;;;;;;;16:37:00;16:37:00;N36079;OSETH;Def;2;3602;36Η;line36 (2025).xlsx;3602_2;line36 (2025)_Timetable_ΚΑΘΗΜΕΡΙΝΗ-ΣΑΒΒΑΤΟ-ΚΥΡΙΑΚΗ-Χ.csv;2748;S_Depot;2748;S_Depot;2748;S_Depot
F1;;ΚΑΘΗΜΕΡΙΝΗ-ΣΑΒΒΑΤΟ-ΚΥΡΙΑΚΗ-Χ;Revenue;2025-07-01;2025-08-31;36H;KTEL_S;Def;2748;1;808130173;808130173;808130173;19759.73;;;;;;;;17:00:00;17:00:00;N1407;OSETH;Def;3;3602;36Η;line36 (2025).xlsx;3602_2;line36 (2025)_Timetable_ΚΑΘΗΜΕΡΙΝΗ-ΣΑΒΒΑΤΟ-ΚΥΡΙΑΚΗ-Χ.csv;2748;S_Depot;2748;S_Depot;2748;S_Depot
F1;;ΚΑΘΗΜΕΡΙΝΗ-ΣΑΒΒΑΤΟ-ΚΥΡΙΑΚΗ-Χ;Revenue;2025-07-01;2025-08-31;36E;KTEL_S;Def;2750;1;809844377;809844377;809844377;19054.65;;;;;;;;16:50:00;16:50:00;N1407;OSETH;Def;1;3603;36Ε;line36 (2025).xlsx;3603_2;line36 (2025)_Timetable_ΚΑΘΗΜΕΡΙΝΗ-ΣΑΒΒΑΤΟ-ΚΥΡΙΑΚΗ-Χ.csv;2750;S_Depot;2750;S_Depot;2750;S_Depot
F1;;ΚΑΘΗΜΕΡΙΝΗ-ΣΑΒΒΑΤΟ-ΚΥΡΙΑΚΗ-Χ;Revenue;2025-07-01;2025-08-31;36E;KTEL_S;Def;2750;1;809844377;809844377;809844377;19054.65;;;;;;;;17:17:00;17:17:00;N15051;OSETH;Def;2;3603;36Ε;line36 (2025).xlsx;3603_2;line36 (2025)_Timetable_ΚΑΘΗΜΕΡΙΝΗ-ΣΑΒΒΑΤΟ-ΚΥΡΙΑΚΗ-Χ.csv;2750;S_Depot;2750;S_Depot;2750;S_Depot
F1;;ΚΑΘΗΜΕΡΙΝΗ-ΣΑΒΒΑΤΟ-ΚΥΡΙΑΚΗ-Χ;Revenue;2025-07-01;2025-08-31;36E;KTEL_S;Def;2750;1;809844377;809844377;809844377;19054.65;;;;;;;;17:45:00;17:45:00;N1407;OSETH;Def;3;3603;36Ε;line36 (2025).xlsx;3603_2;line36 (2025)_Timetable_ΚΑΘΗΜΕΡΙΝΗ-ΣΑΒΒΑΤΟ-ΚΥΡΙΑΚΗ-Χ.csv;2750;S_Depot;2750;S_Depot;2750;S_Depot
F1;;ΚΑΘΗΜΕΡΙΝΗ-ΣΑΒΒΑΤΟ-ΚΥΡΙΑΚΗ-Χ;Revenue;2025-07-01;2025-08-31;36;KTEL_S;Def;2743;1;815157479;815157479;815157479;26076.68;;;;;;;;17:10:00;17:10:00;N1407;OSETH;Def;1;3601;36;line36 (2025).xlsx;3601_2;line36 (2025)_Timetable_ΚΑΘΗΜΕΡΙΝΗ-ΣΑΒΒΑΤΟ-ΚΥΡΙΑΚΗ-Χ.csv;2743;S_Depot;2743;S_Depot;2743;S_Depot
F1;;ΚΑΘΗΜΕΡΙΝΗ-ΣΑΒΒΑΤΟ-ΚΥΡΙΑΚΗ-Χ;Revenue;2025-07-01;2025-08-31;36;KTEL_S;Def;2743;1;815157479;815157479;815157479;26076.68;;;;;;;;17:40:00;17:40:00;N15094;OSETH;Def;2;3601;36;line36 (2025).xlsx;3601_2;line36 (2025)_Timetable_ΚΑΘΗΜΕΡΙΝΗ-ΣΑΒΒΑΤΟ-ΚΥΡΙΑΚΗ-Χ.csv;2743;S_Depot;2743;S_Depot;2743;S_Depot
F1;;ΚΑΘΗΜΕΡΙΝΗ-ΣΑΒΒΑΤΟ-ΚΥΡΙΑΚΗ-Χ;Revenue;2025-07-01;2025-08-31;36;KTEL_S;Def;2743;1;815157479;815157479;815157479;26076.68;;;;;;;;18:10:00;18:10:00;N1407;OSETH;Def;3;3601;36;line36 (2025).xlsx;3601_2;line36 (2025)_Timetable_ΚΑΘΗΜΕΡΙΝΗ-ΣΑΒΒΑΤΟ-ΚΥΡΙΑΚΗ-Χ.csv;2743;S_Depot;2743;S_Depot;2743;S_Depot
F1;;ΚΑΘΗΜΕΡΙΝΗ-ΣΑΒΒΑΤΟ-ΚΥΡΙΑΚΗ-Χ;Revenue;2025-07-01;2025-08-31;36K;KTEL_S;Def;2751;1;518878892;518878892;518878892;17512.9;;;;;;;;17:40:00;17:40:00;N1407;OSETH;Def;1;3602;36Κ;line36 (2025).xlsx;3602_2;line36 (2025)_Timetable_ΚΑΘΗΜΕΡΙΝΗ-ΣΑΒΒΑΤΟ-ΚΥΡΙΑΚΗ-Χ.csv;2751;S_Depot;2751;S_Depot;2751;S_Depot
F1;;ΚΑΘΗΜΕΡΙΝΗ-ΣΑΒΒΑΤΟ-ΚΥΡΙΑΚΗ-Χ;Revenue;2025-07-01;2025-08-31;36K;KTEL_S;Def;2751;1;518878892;518878892;518878892;17512.9;;;;;;;;18:00:00;18:00:00;N36080;OSETH;Def;2;3602;36Κ;line36 (2025).xlsx;3602_2;line36 (2025)_Timetable_ΚΑΘΗΜΕΡΙΝΗ-ΣΑΒΒΑΤΟ-ΚΥΡΙΑΚΗ-Χ.csv;2751;S_Depot;2751;S_Depot;2751;S_Depot
F1;;ΚΑΘΗΜΕΡΙΝΗ-ΣΑΒΒΑΤΟ-ΚΥΡΙΑΚΗ-Χ;Revenue;2025-07-01;2025-08-31;36K;KTEL_S;Def;2751;1;518878892;518878892;518878892;17512.9;;;;;;;;18:20:00;18:20:00;N1407;OSETH;Def;3;3602;36Κ;line36 (2025).xlsx;3602_2;line36 (2025)_Timetable_ΚΑΘΗΜΕΡΙΝΗ-ΣΑΒΒΑΤΟ-ΚΥΡΙΑΚΗ-Χ.csv;2751;S_Depot;2751;S_Depot;2751;S_Depot
F1;;ΚΑΘΗΜΕΡΙΝΗ-ΣΑΒΒΑΤΟ-ΚΥΡΙΑΚΗ-Χ;Revenue;2025-07-01;2025-08-31;36E;KTEL_S;Def;2750;1;888943957;888943957;888943957;19054.65;;;;;;;;18:00:00;18:00:00;N1407;OSETH;Def;1;3603;36Ε;line36 (2025).xlsx;3603_2;line36 (2025)_Timetable_ΚΑΘΗΜΕΡΙΝΗ-ΣΑΒΒΑΤΟ-ΚΥΡΙΑΚΗ-Χ.csv;2750;S_Depot;2750;S_Depot;2750;S_Depot
F1;;ΚΑΘΗΜΕΡΙΝΗ-ΣΑΒΒΑΤΟ-ΚΥΡΙΑΚΗ-Χ;Revenue;2025-07-01;2025-08-31;36E;KTEL_S;Def;2750;1;888943957;888943957;888943957;19054.65;;;;;;;;18:22:00;18:22:00;N15051;OSETH;Def;2;3603;36Ε;line36 (2025).xlsx;3603_2;line36 (2025)_Timetable_ΚΑΘΗΜΕΡΙΝΗ-ΣΑΒΒΑΤΟ-ΚΥΡΙΑΚΗ-Χ.csv;2750;S_Depot;2750;S_Depot;2750;S_Depot
F1;;ΚΑΘΗΜΕΡΙΝΗ-ΣΑΒΒΑΤΟ-ΚΥΡΙΑΚΗ-Χ;Revenue;2025-07-01;2025-08-31;36E;KTEL_S;Def;2750;1;888943957;888943957;888943957;19054.65;;;;;;;;18:45:00;18:45:00;N1407;OSETH;Def;3;3603;36Ε;line36 (2025).xlsx;3603_2;line36 (2025)_Timetable_ΚΑΘΗΜΕΡΙΝΗ-ΣΑΒΒΑΤΟ-ΚΥΡΙΑΚΗ-Χ.csv;2750;S_Depot;2750;S_Depot;2750;S_Depot
F1;;ΚΑΘΗΜΕΡΙΝΗ-ΣΑΒΒΑΤΟ-ΚΥΡΙΑΚΗ-Χ;Revenue;2025-07-01;2025-08-31;36;KTEL_S;Def;2743;1;203858021;203858021;203858021;26076.68;;;;;;;;18:20:00;18:20:00;N1407;OSETH;Def;1;3601;36;line36 (2025).xlsx;3601_2;line36 (2025)_Timetable_ΚΑΘΗΜΕΡΙΝΗ-ΣΑΒΒΑΤΟ-ΚΥΡΙΑΚΗ-Χ.csv;2743;S_Depot;2743;S_Depot;2743;S_Depot
F1;;ΚΑΘΗΜΕΡΙΝΗ-ΣΑΒΒΑΤΟ-ΚΥΡΙΑΚΗ-Χ;Revenue;2025-07-01;2025-08-31;36;KTEL_S;Def;2743;1;203858021;203858021;203858021;26076.68;;;;;;;;18:50:00;18:50:00;N15094;OSETH;Def;2;3601;36;line36 (2025).xlsx;3601_2;line36 (2025)_Timetable_ΚΑΘΗΜΕΡΙΝΗ-ΣΑΒΒΑΤΟ-ΚΥΡΙΑΚΗ-Χ.csv;2743;S_Depot;2743;S_Depot;2743;S_Depot
F1;;ΚΑΘΗΜΕΡΙΝΗ-ΣΑΒΒΑΤΟ-ΚΥΡΙΑΚΗ-Χ;Revenue;2025-07-01;2025-08-31;36;KTEL_S;Def;2743;1;203858021;203858021;203858021;26076.68;;;;;;;;19:20:00;19:20:00;N1407;OSETH;Def;3;3601;36;line36 (2025).xlsx;3601_2;line36 (2025)_Timetable_ΚΑΘΗΜΕΡΙΝΗ-ΣΑΒΒΑΤΟ-ΚΥΡΙΑΚΗ-Χ.csv;2743;S_Depot;2743;S_Depot;2743;S_Depot
F1;;ΚΑΘΗΜΕΡΙΝΗ-ΣΑΒΒΑΤΟ-ΚΥΡΙΑΚΗ-Χ;Revenue;2025-07-01;2025-08-31;36K;KTEL_S;Def;2751;1;541612670;541612670;541612670;17512.9;;;;;;;;18:50:00;18:50:00;N1407;OSETH;Def;1;3602;36Κ;line36 (2025).xlsx;3602_2;line36 (2025)_Timetable_ΚΑΘΗΜΕΡΙΝΗ-ΣΑΒΒΑΤΟ-ΚΥΡΙΑΚΗ-Χ.csv;2751;S_Depot;2751;S_Depot;2751;S_Depot
F1;;ΚΑΘΗΜΕΡΙΝΗ-ΣΑΒΒΑΤΟ-ΚΥΡΙΑΚΗ-Χ;Revenue;2025-07-01;2025-08-31;36K;KTEL_S;Def;2751;1;541612670;541612670;541612670;17512.9;;;;;;;;19:10:00;19:10:00;N36080;OSETH;Def;2;3602;36Κ;line36 (2025).xlsx;3602_2;line36 (2025)_Timetable_ΚΑΘΗΜΕΡΙΝΗ-ΣΑΒΒΑΤΟ-ΚΥΡΙΑΚΗ-Χ.csv;2751;S_Depot;2751;S_Depot;2751;S_Depot
F1;;ΚΑΘΗΜΕΡΙΝΗ-ΣΑΒΒΑΤΟ-ΚΥΡΙΑΚΗ-Χ;Revenue;2025-07-01;2025-08-31;36K;KTEL_S;Def;2751;1;541612670;541612670;541612670;17512.9;;;;;;;;19:30:00;19:30:00;N1407;OSETH;Def;3;3602;36Κ;line36 (2025).xlsx;3602_2;line36 (2025)_Timetable_ΚΑΘΗΜΕΡΙΝΗ-ΣΑΒΒΑΤΟ-ΚΥΡΙΑΚΗ-Χ.csv;2751;S_Depot;2751;S_Depot;2751;S_Depot
F1;;ΚΑΘΗΜΕΡΙΝΗ-ΣΑΒΒΑΤΟ-ΚΥΡΙΑΚΗ-Χ;Revenue;2025-07-01;2025-08-31;36K;KTEL_S;Def;2751;1;890119510;890119510;890119510;17512.9;;;;;;;;19:10:00;19:10:00;N1407;OSETH;Def;1;3603;36Κ;line36 (2025).xlsx;3603_2;line36 (2025)_Timetable_ΚΑΘΗΜΕΡΙΝΗ-ΣΑΒΒΑΤΟ-ΚΥΡΙΑΚΗ-Χ.csv;2751;S_Depot;2751;S_Depot;2751;S_Depot
F1;;ΚΑΘΗΜΕΡΙΝΗ-ΣΑΒΒΑΤΟ-ΚΥΡΙΑΚΗ-Χ;Revenue;2025-07-01;2025-08-31;36K;KTEL_S;Def;2751;1;890119510;890119510;890119510;17512.9;;;;;;;;19:30:00;19:30:00;N36080;OSETH;Def;2;3603;36Κ;line36 (2025).xlsx;3603_2;line36 (2025)_Timetable_ΚΑΘΗΜΕΡΙΝΗ-ΣΑΒΒΑΤΟ-ΚΥΡΙΑΚΗ-Χ.csv;2751;S_Depot;2751;S_Depot;2751;S_Depot
F1;;ΚΑΘΗΜΕΡΙΝΗ-ΣΑΒΒΑΤΟ-ΚΥΡΙΑΚΗ-Χ;Revenue;2025-07-01;2025-08-31;36K;KTEL_S;Def;2751;1;890119510;890119510;890119510;17512.9;;;;;;;;19:50:00;19:50:00;N1407;OSETH;Def;3;3603;36Κ;line36 (2025).xlsx;3603_2;line36 (2025)_Timetable_ΚΑΘΗΜΕΡΙΝΗ-ΣΑΒΒΑΤΟ-ΚΥΡΙΑΚΗ-Χ.csv;2751;S_Depot;2751;S_Depot;2751;S_Depot
F1;;ΚΑΘΗΜΕΡΙΝΗ-ΣΑΒΒΑΤΟ-ΚΥΡΙΑΚΗ-Χ;Revenue;2025-07-01;2025-08-31;36;KTEL_S;Def;2743;1;408086419;408086419;408086419;26076.68;;;;;;;;19:25:00;19:25:00;N1407;OSETH;Def;1;3601;36;line36 (2025).xlsx;3601_2;line36 (2025)_Timetable_ΚΑΘΗΜΕΡΙΝΗ-ΣΑΒΒΑΤΟ-ΚΥΡΙΑΚΗ-Χ.csv;2743;S_Depot;2743;S_Depot;2743;S_Depot
F1;;ΚΑΘΗΜΕΡΙΝΗ-ΣΑΒΒΑΤΟ-ΚΥΡΙΑΚΗ-Χ;Revenue;2025-07-01;2025-08-31;36;KTEL_S;Def;2743;1;408086419;408086419;408086419;26076.68;;;;;;;;19:55:00;19:55:00;N15094;OSETH;Def;2;3601;36;line36 (2025).xlsx;3601_2;line36 (2025)_Timetable_ΚΑΘΗΜΕΡΙΝΗ-ΣΑΒΒΑΤΟ-ΚΥΡΙΑΚΗ-Χ.csv;2743;S_Depot;2743;S_Depot;2743;S_Depot
F1;;ΚΑΘΗΜΕΡΙΝΗ-ΣΑΒΒΑΤΟ-ΚΥΡΙΑΚΗ-Χ;Revenue;2025-07-01;2025-08-31;36;KTEL_S;Def;2743;1;408086419;408086419;408086419;26076.68;;;;;;;;20:25:00;20:25:00;N1407;OSETH;Def;3;3601;36;line36 (2025).xlsx;3601_2;line36 (2025)_Timetable_ΚΑΘΗΜΕΡΙΝΗ-ΣΑΒΒΑΤΟ-ΚΥΡΙΑΚΗ-Χ.csv;2743;S_Depot;2743;S_Depot;2743;S_Depot
F1;;ΚΑΘΗΜΕΡΙΝΗ-ΣΑΒΒΑΤΟ-ΚΥΡΙΑΚΗ-Χ;Revenue;2025-07-01;2025-08-31;36K;KTEL_S;Def;2751;1;972834305;972834305;972834305;17512.9;;;;;;;;19:50:00;19:50:00;N1407;OSETH;Def;1;3602;36Κ;line36 (2025).xlsx;3602_2;line36 (2025)_Timetable_ΚΑΘΗΜΕΡΙΝΗ-ΣΑΒΒΑΤΟ-ΚΥΡΙΑΚΗ-Χ.csv;2751;S_Depot;2751;S_Depot;2751;S_Depot
F1;;ΚΑΘΗΜΕΡΙΝΗ-ΣΑΒΒΑΤΟ-ΚΥΡΙΑΚΗ-Χ;Revenue;2025-07-01;2025-08-31;36K;KTEL_S;Def;2751;1;972834305;972834305;972834305;17512.9;;;;;;;;20:12:00;20:12:00;N36080;OSETH;Def;2;3602;36Κ;line36 (2025).xlsx;3602_2;line36 (2025)_Timetable_ΚΑΘΗΜΕΡΙΝΗ-ΣΑΒΒΑΤΟ-ΚΥΡΙΑΚΗ-Χ.csv;2751;S_Depot;2751;S_Depot;2751;S_Depot
F1;;ΚΑΘΗΜΕΡΙΝΗ-ΣΑΒΒΑΤΟ-ΚΥΡΙΑΚΗ-Χ;Revenue;2025-07-01;2025-08-31;36K;KTEL_S;Def;2751;1;972834305;972834305;972834305;17512.9;;;;;;;;20:35:00;20:35:00;N1407;OSETH;Def;3;3602;36Κ;line36 (2025).xlsx;3602_2;line36 (2025)_Timetable_ΚΑΘΗΜΕΡΙΝΗ-ΣΑΒΒΑΤΟ-ΚΥΡΙΑΚΗ-Χ.csv;2751;S_Depot;2751;S_Depot;2751;S_Depot
F1;;ΚΑΘΗΜΕΡΙΝΗ-ΣΑΒΒΑΤΟ-ΚΥΡΙΑΚΗ-Χ;Revenue;2025-07-01;2025-08-31;36E;KTEL_S;Def;2750;1;934826235;934826235;934826235;19054.65;;;;;;;;20:15:00;20:15:00;N1407;OSETH;Def;1;3603;36Ε;line36 (2025).xlsx;3603_2;line36 (2025)_Timetable_ΚΑΘΗΜΕΡΙΝΗ-ΣΑΒΒΑΤΟ-ΚΥΡΙΑΚΗ-Χ.csv;2750;S_Depot;2750;S_Depot;2750;S_Depot
F1;;ΚΑΘΗΜΕΡΙΝΗ-ΣΑΒΒΑΤΟ-ΚΥΡΙΑΚΗ-Χ;Revenue;2025-07-01;2025-08-31;36E;KTEL_S;Def;2750;1;934826235;934826235;934826235;19054.65;;;;;;;;20:37:00;20:37:00;N15051;OSETH;Def;2;3603;36Ε;line36 (2025).xlsx;3603_2;line36 (2025)_Timetable_ΚΑΘΗΜΕΡΙΝΗ-ΣΑΒΒΑΤΟ-ΚΥΡΙΑΚΗ-Χ.csv;2750;S_Depot;2750;S_Depot;2750;S_Depot
F1;;ΚΑΘΗΜΕΡΙΝΗ-ΣΑΒΒΑΤΟ-ΚΥΡΙΑΚΗ-Χ;Revenue;2025-07-01;2025-08-31;36E;KTEL_S;Def;2750;1;934826235;934826235;934826235;19054.65;;;;;;;;21:00:00;21:00:00;N1407;OSETH;Def;3;3603;36Ε;line36 (2025).xlsx;3603_2;line36 (2025)_Timetable_ΚΑΘΗΜΕΡΙΝΗ-ΣΑΒΒΑΤΟ-ΚΥΡΙΑΚΗ-Χ.csv;2750;S_Depot;2750;S_Depot;2750;S_Depot
F1;;ΚΑΘΗΜΕΡΙΝΗ-ΣΑΒΒΑΤΟ-ΚΥΡΙΑΚΗ-Χ;Revenue;2025-07-01;2025-08-31;36Z;KTEL_S;Def;2756;1;871584791;871584791;871584791;27807.76;;;;;;;;20:45:00;20:45:00;N1407;OSETH;Def;1;3602;36Ζ;line36 (2025).xlsx;3602_2;line36 (2025)_Timetable_ΚΑΘΗΜΕΡΙΝΗ-ΣΑΒΒΑΤΟ-ΚΥΡΙΑΚΗ-Χ.csv;2756;S_Depot;2756;S_Depot;2756;S_Depot
F1;;ΚΑΘΗΜΕΡΙΝΗ-ΣΑΒΒΑΤΟ-ΚΥΡΙΑΚΗ-Χ;Revenue;2025-07-01;2025-08-31;36Z;KTEL_S;Def;2756;1;871584791;871584791;871584791;27807.76;;;;;;;;21:17:00;21:17:00;N36079;OSETH;Def;2;3602;36Ζ;line36 (2025).xlsx;3602_2;line36 (2025)_Timetable_ΚΑΘΗΜΕΡΙΝΗ-ΣΑΒΒΑΤΟ-ΚΥΡΙΑΚΗ-Χ.csv;2756;S_Depot;2756;S_Depot;2756;S_Depot
F1;;ΚΑΘΗΜΕΡΙΝΗ-ΣΑΒΒΑΤΟ-ΚΥΡΙΑΚΗ-Χ;Revenue;2025-07-01;2025-08-31;36Z;KTEL_S;Def;2756;1;871584791;871584791;871584791;27807.76;;;;;;;;21:50:00;21:50:00;N1407;OSETH;Def;3;3602;36Ζ;line36 (2025).xlsx;3602_2;line36 (2025)_Timetable_ΚΑΘΗΜΕΡΙΝΗ-ΣΑΒΒΑΤΟ-ΚΥΡΙΑΚΗ-Χ.csv;2756;S_Depot;2756;S_Depot;2756;S_Depot
F1;;ΚΑΘΗΜΕΡΙΝΗ-ΣΑΒΒΑΤΟ-ΚΥΡΙΑΚΗ-Χ;Revenue;2025-07-01;2025-08-31;36N;KTEL_S;Def;2752;1;344469849;344469849;344469849;13051.94;;;;;;;;21:05:00;21:05:00;N1407;OSETH;Def;1;3603;36Ν;line36 (2025).xlsx;3603_2;line36 (2025)_Timetable_ΚΑΘΗΜΕΡΙΝΗ-ΣΑΒΒΑΤΟ-ΚΥΡΙΑΚΗ-Χ.csv;2752;S_Depot;2752;S_Depot;2752;S_Depot
F1;;ΚΑΘΗΜΕΡΙΝΗ-ΣΑΒΒΑΤΟ-ΚΥΡΙΑΚΗ-Χ;Revenue;2025-07-01;2025-08-31;36N;KTEL_S;Def;2752;1;344469849;344469849;344469849;13051.94;;;;;;;;21:15:00;21:15:00;N1434;OSETH;Def;2;3603;36Ν;line36 (2025).xlsx;3603_2;line36 (2025)_Timetable_ΚΑΘΗΜΕΡΙΝΗ-ΣΑΒΒΑΤΟ-ΚΥΡΙΑΚΗ-Χ.csv;2752;S_Depot;2752;S_Depot;2752;S_Depot
F1;;ΚΑΘΗΜΕΡΙΝΗ-ΣΑΒΒΑΤΟ-ΚΥΡΙΑΚΗ-Χ;Revenue;2025-07-01;2025-08-31;36N;KTEL_S;Def;2752;1;344469849;344469849;344469849;13051.94;;;;;;;;21:25:00;21:25:00;N1407;OSETH;Def;3;3603;36Ν;line36 (2025).xlsx;3603_2;line36 (2025)_Timetable_ΚΑΘΗΜΕΡΙΝΗ-ΣΑΒΒΑΤΟ-ΚΥΡΙΑΚΗ-Χ.csv;2752;S_Depot;2752;S_Depot;2752;S_Depot
F1;;ΚΑΘΗΜΕΡΙΝΗ-ΣΑΒΒΑΤΟ-ΚΥΡΙΑΚΗ-Χ;Revenue;2025-07-01;2025-08-31;36B;KTEL_S;Def;2745;1;395071515;395071515;395071515;24172.69;;;;;;;;21:35:00;21:35:00;N1407;OSETH;Def;1;3603;36Β;line36 (2025).xlsx;3603_2;line36 (2025)_Timetable_ΚΑΘΗΜΕΡΙΝΗ-ΣΑΒΒΑΤΟ-ΚΥΡΙΑΚΗ-Χ.csv;2745;S_Depot;2745;S_Depot;2745;S_Depot
F1;;ΚΑΘΗΜΕΡΙΝΗ-ΣΑΒΒΑΤΟ-ΚΥΡΙΑΚΗ-Χ;Revenue;2025-07-01;2025-08-31;36B;KTEL_S;Def;2745;1;395071515;395071515;395071515;24172.69;;;;;;;;22:00:00;22:00:00;N15094;OSETH;Def;2;3603;36Β;line36 (2025).xlsx;3603_2;line36 (2025)_Timetable_ΚΑΘΗΜΕΡΙΝΗ-ΣΑΒΒΑΤΟ-ΚΥΡΙΑΚΗ-Χ.csv;2745;S_Depot;2745;S_Depot;2745;S_Depot
F1;;ΚΑΘΗΜΕΡΙΝΗ-ΣΑΒΒΑΤΟ-ΚΥΡΙΑΚΗ-Χ;Revenue;2025-07-01;2025-08-31;36B;KTEL_S;Def;2745;1;395071515;395071515;395071515;24172.69;;;;;;;;22:25:00;22:25:00;N1407;OSETH;Def;3;3603;36Β;line36 (2025).xlsx;3603_2;line36 (2025)_Timetable_ΚΑΘΗΜΕΡΙΝΗ-ΣΑΒΒΑΤΟ-ΚΥΡΙΑΚΗ-Χ.csv;2745;S_Depot;2745;S_Depot;2745;S_Depot
F1;;ΚΑΘΗΜΕΡΙΝΗ-ΣΑΒΒΑΤΟ-ΚΥΡΙΑΚΗ-Χ;Revenue;2025-07-01;2025-08-31;36N;KTEL_S;Def;2752;1;116237203;116237203;116237203;13051.94;;;;;;;;22:00:00;22:00:00;N1407;OSETH;Def;1;3602;36Ν;line36 (2025).xlsx;3602_2;line36 (2025)_Timetable_ΚΑΘΗΜΕΡΙΝΗ-ΣΑΒΒΑΤΟ-ΚΥΡΙΑΚΗ-Χ.csv;2752;S_Depot;2752;S_Depot;2752;S_Depot
F1;;ΚΑΘΗΜΕΡΙΝΗ-ΣΑΒΒΑΤΟ-ΚΥΡΙΑΚΗ-Χ;Revenue;2025-07-01;2025-08-31;36N;KTEL_S;Def;2752;1;116237203;116237203;116237203;13051.94;;;;;;;;22:10:00;22:10:00;N1434;OSETH;Def;2;3602;36Ν;line36 (2025).xlsx;3602_2;line36 (2025)_Timetable_ΚΑΘΗΜΕΡΙΝΗ-ΣΑΒΒΑΤΟ-ΚΥΡΙΑΚΗ-Χ.csv;2752;S_Depot;2752;S_Depot;2752;S_Depot
F1;;ΚΑΘΗΜΕΡΙΝΗ-ΣΑΒΒΑΤΟ-ΚΥΡΙΑΚΗ-Χ;Revenue;2025-07-01;2025-08-31;36N;KTEL_S;Def;2752;1;116237203;116237203;116237203;13051.94;;;;;;;;22:20:00;22:20:00;N1407;OSETH;Def;3;3602;36Ν;line36 (2025).xlsx;3602_2;line36 (2025)_Timetable_ΚΑΘΗΜΕΡΙΝΗ-ΣΑΒΒΑΤΟ-ΚΥΡΙΑΚΗ-Χ.csv;2752;S_Depot;2752;S_Depot;2752;S_Depot
F1;;ΚΑΘΗΜΕΡΙΝΗ-ΣΑΒΒΑΤΟ-ΚΥΡΙΑΚΗ-Χ;Revenue;2025-07-01;2025-08-31;36A;KTEL_S;Def;2744;1;841488718;841488718;841488718;21945.74;;;;;;;;22:40:00;22:40:00;N1407;OSETH;Def;1;3603;36Α;line36 (2025).xlsx;3603_2;line36 (2025)_Timetable_ΚΑΘΗΜΕΡΙΝΗ-ΣΑΒΒΑΤΟ-ΚΥΡΙΑΚΗ-Χ.csv;2744;S_Depot;2744;S_Depot;2744;S_Depot
F1;;ΚΑΘΗΜΕΡΙΝΗ-ΣΑΒΒΑΤΟ-ΚΥΡΙΑΚΗ-Χ;Revenue;2025-07-01;2025-08-31;36A;KTEL_S;Def;2744;1;841488718;841488718;841488718;21945.74;;;;;;;;23:02:00;23:02:00;N36049;OSETH;Def;2;3603;36Α;line36 (2025).xlsx;3603_2;line36 (2025)_Timetable_ΚΑΘΗΜΕΡΙΝΗ-ΣΑΒΒΑΤΟ-ΚΥΡΙΑΚΗ-Χ.csv;2744;S_Depot;2744;S_Depot;2744;S_Depot
F1;;ΚΑΘΗΜΕΡΙΝΗ-ΣΑΒΒΑΤΟ-ΚΥΡΙΑΚΗ-Χ;Revenue;2025-07-01;2025-08-31;36A;KTEL_S;Def;2744;1;841488718;841488718;841488718;21945.74;;;;;;;;23:25:00;23:25:00;N1407;OSETH;Def;3;3603;36Α;line36 (2025).xlsx;3603_2;line36 (2025)_Timetable_ΚΑΘΗΜΕΡΙΝΗ-ΣΑΒΒΑΤΟ-ΚΥΡΙΑΚΗ-Χ.csv;2744;S_Depot;2744;S_Depot;2744;S_Depot
